Marital,Mode,Order,Course,Attendance,Qualification,Nationality,Mother-Q,Father-Q,Mother-O,Father-O,Displaced,Need,Debtor,Fee,Gender,Scholarship,Age,1st,2nd,Unemployment,Inflation,GDP,Target,,,,,,
1.00 ,6.00 ,1.00 ,9.00 ,1.00 ,1.00 ,15.00 ,11.00 ,12.00 ,10.00 ,6.00 ,0.00 ,0.00 ,0.00 ,1.00 ,1.00 ,0.00 ,22.00 ,7.00 ,6.00 ,13.10 ,0.07 ,1.01 ,1.00 ,,,,,,
1.00 ,11.00 ,1.00 ,8.00 ,1.00 ,14.00 ,10.00 ,2.00 ,5.00 ,5.00 ,7.00 ,0.00 ,0.00 ,0.00 ,1.00 ,0.00 ,0.00 ,19.00 ,3.00 ,6.00 ,13.24 ,3.70 ,-3.09 ,1.00 ,,,,,,
1.00 ,5.00 ,1.00 ,7.00 ,1.00 ,1.00 ,10.00 ,2.00 ,2.00 ,10.00 ,9.00 ,1.00 ,0.00 ,0.00 ,0.00 ,0.00 ,0.00 ,18.00 ,6.00 ,5.00 ,9.08 ,1.10 ,2.77 ,1.00 ,,,,,,
1.00 ,6.00 ,2.00 ,10.00 ,1.00 ,1.00 ,15.00 ,1.00 ,4.00 ,3.00 ,3.00 ,0.00 ,0.00 ,0.00 ,1.00 ,1.00 ,0.00 ,21.00 ,6.00 ,6.00 ,14.44 ,-0.17 ,-3.10 ,1.00 ,,,,,,
1.00 ,4.00 ,3.00 ,15.00 ,1.00 ,1.00 ,7.00 ,25.00 ,4.00 ,3.00 ,3.00 ,1.00 ,0.00 ,0.00 ,1.00 ,0.00 ,1.00 ,20.00 ,0.00 ,0.00 ,8.52 ,-0.06 ,-2.33 ,0.00 ,,,,,,
1.00 ,6.00 ,1.00 ,9.00 ,1.00 ,1.00 ,8.00 ,12.00 ,15.00 ,3.00 ,10.00 ,1.00 ,0.00 ,0.00 ,1.00 ,0.00 ,0.00 ,19.00 ,7.00 ,7.00 ,13.06 ,-0.47 ,1.74 ,1.00 ,,,,,,
1.00 ,3.00 ,3.00 ,17.00 ,1.00 ,1.00 ,7.00 ,10.00 ,27.00 ,10.00 ,10.00 ,1.00 ,0.00 ,0.00 ,0.00 ,0.00 ,1.00 ,20.00 ,7.00 ,6.00 ,9.20 ,0.96 ,1.56 ,1.00 ,,,,,,
1.00 ,5.00 ,1.00 ,15.00 ,1.00 ,1.00 ,16.00 ,12.00 ,16.00 ,10.00 ,9.00 ,0.00 ,0.00 ,0.00 ,1.00 ,0.00 ,0.00 ,18.00 ,5.00 ,4.00 ,16.20 ,-0.17 ,0.61 ,1.00 ,,,,,,
1.00 ,2.00 ,1.00 ,17.00 ,1.00 ,1.00 ,14.00 ,2.00 ,2.00 ,11.00 ,7.00 ,0.00 ,0.00 ,1.00 ,1.00 ,1.00 ,1.00 ,21.00 ,2.00 ,5.00 ,9.39 ,3.60 ,0.42 ,1.00 ,,,,,,
1.00 ,1.00 ,1.00 ,7.00 ,1.00 ,1.00 ,17.00 ,19.00 ,26.00 ,9.00 ,11.00 ,1.00 ,0.00 ,0.00 ,1.00 ,1.00 ,0.00 ,24.00 ,5.00 ,6.00 ,14.34 ,-0.80 ,-4.06 ,1.00 ,,,,,,
1.00 ,13.00 ,1.00 ,12.00 ,1.00 ,1.00 ,13.00 ,22.00 ,28.00 ,9.00 ,10.00 ,1.00 ,0.00 ,1.00 ,0.00 ,0.00 ,0.00 ,34.00 ,0.00 ,0.00 ,14.62 ,1.58 ,-0.66 ,0.00 ,,,,,,
1.00 ,12.00 ,1.00 ,17.00 ,1.00 ,1.00 ,18.00 ,20.00 ,12.00 ,10.00 ,7.00 ,0.00 ,0.00 ,0.00 ,1.00 ,0.00 ,0.00 ,29.00 ,7.00 ,8.00 ,14.61 ,0.00 ,-0.59 ,1.00 ,,,,,,
1.00 ,13.00 ,1.00 ,6.00 ,0.00 ,1.00 ,13.00 ,20.00 ,1.00 ,10.00 ,6.00 ,1.00 ,0.00 ,0.00 ,1.00 ,0.00 ,0.00 ,32.00 ,17.00 ,9.00 ,15.63 ,-0.80 ,-2.12 ,1.00 ,,,,,,                                                                                                                                                                                                                                                                                                                                                                                   
1.00 ,3.00 ,3.00 ,15.00 ,1.00 ,1.00 ,9.00 ,9.00 ,1.00 ,10.00 ,7.00 ,1.00 ,0.00 ,0.00 ,1.00 ,0.00 ,1.00 ,18.00 ,7.00 ,12.00 ,11.45 ,2.57 ,-0.98 ,1.00 ,,,,,,
2.00 ,14.00 ,1.00 ,16.00 ,0.00 ,1.00 ,14.00 ,22.00 ,27.00 ,10.00 ,10.00 ,0.00 ,0.00 ,0.00 ,1.00 ,0.00 ,0.00 ,34.00 ,7.00 ,11.00 ,8.41 ,-0.41 ,3.51 ,1.00 ,,,,,,
1.00 ,4.00 ,3.00 ,13.00 ,1.00 ,1.00 ,11.00 ,3.00 ,14.00 ,5.00 ,4.00 ,1.00 ,0.00 ,0.00 ,1.00 ,0.00 ,1.00 ,18.00 ,6.00 ,7.00 ,11.17 ,0.67 ,3.27 ,1.00 ,,,,,,
1.00 ,1.00 ,3.00 ,6.00 ,1.00 ,1.00 ,8.00 ,2.00 ,3.00 ,5.00 ,6.00 ,1.00 ,0.00 ,0.00 ,1.00 ,0.00 ,1.00 ,19.00 ,7.00 ,7.00 ,16.20 ,0.61 ,-2.37 ,1.00 ,,,,,,
1.00 ,8.00 ,1.00 ,17.00 ,1.00 ,1.00 ,10.00 ,15.00 ,16.00 ,18.00 ,10.00 ,0.00 ,0.00 ,0.00 ,1.00 ,1.00 ,0.00 ,23.00 ,5.00 ,5.00 ,7.83 ,0.48 ,2.64 ,1.00 ,,,,,,
1.00 ,6.00 ,3.00 ,17.00 ,1.00 ,1.00 ,10.00 ,1.00 ,1.00 ,10.00 ,9.00 ,1.00 ,0.00 ,0.00 ,1.00 ,0.00 ,0.00 ,18.00 ,6.00 ,6.00 ,12.15 ,2.99 ,2.57 ,0.00 ,,,,,,
1.00 ,7.00 ,1.00 ,17.00 ,1.00 ,1.00 ,5.00 ,4.00 ,3.00 ,4.00 ,4.00 ,0.00 ,0.00 ,1.00 ,1.00 ,0.00 ,0.00 ,21.00 ,2.00 ,6.00 ,10.64 ,1.35 ,3.51 ,0.00 ,,,,,,
1.00 ,1.00 ,3.00 ,17.00 ,1.00 ,1.00 ,10.00 ,17.00 ,2.00 ,10.00 ,10.00 ,1.00 ,0.00 ,1.00 ,1.00 ,0.00 ,1.00 ,18.00 ,7.00 ,6.00 ,9.54 ,1.50 ,-2.83 ,1.00 ,,,,,,
1.00 ,14.00 ,1.00 ,11.00 ,1.00 ,1.00 ,13.00 ,12.00 ,26.00 ,9.00 ,10.00 ,1.00 ,0.00 ,0.00 ,1.00 ,1.00 ,0.00 ,30.00 ,0.00 ,0.00 ,12.94 ,2.18 ,-0.11 ,0.00 ,,,,,,
1.00 ,1.00 ,2.00 ,7.00 ,1.00 ,1.00 ,17.00 ,3.00 ,16.00 ,9.00 ,9.00 ,1.00 ,0.00 ,0.00 ,1.00 ,1.00 ,0.00 ,18.00 ,0.00 ,1.00 ,10.06 ,1.27 ,0.92 ,0.00 ,,,,,,
1.00 ,5.00 ,1.00 ,17.00 ,1.00 ,1.00 ,12.00 ,23.00 ,27.00 ,9.00 ,10.00 ,0.00 ,0.00 ,0.00 ,1.00 ,0.00 ,0.00 ,23.00 ,6.00 ,6.00 ,10.91 ,2.41 ,-4.06 ,1.00 ,,,,,,
1.00 ,3.00 ,3.00 ,8.00 ,1.00 ,1.00 ,13.00 ,1.00 ,3.00 ,4.00 ,4.00 ,0.00 ,0.00 ,1.00 ,1.00 ,0.00 ,0.00 ,20.00 ,1.00 ,0.00 ,10.98 ,3.13 ,-1.30 ,0.00 ,,,,,,
1.00 ,7.00 ,1.00 ,15.00 ,1.00 ,1.00 ,13.00 ,22.00 ,11.00 ,4.00 ,6.00 ,0.00 ,0.00 ,0.00 ,1.00 ,1.00 ,0.00 ,22.00 ,5.00 ,4.00 ,9.22 ,2.25 ,-3.15 ,0.00 ,,,,,,
1.00 ,16.00 ,1.00 ,2.00 ,1.00 ,1.00 ,12.00 ,21.00 ,3.00 ,10.00 ,9.00 ,0.00 ,0.00 ,0.00 ,0.00 ,1.00 ,0.00 ,35.00 ,2.00 ,2.00 ,12.40 ,0.53 ,-4.06 ,0.00 ,,,,,,
1.00 ,1.00 ,1.00 ,9.00 ,1.00 ,1.00 ,17.00 ,23.00 ,13.00 ,10.00 ,10.00 ,0.00 ,0.00 ,0.00 ,1.00 ,0.00 ,1.00 ,21.00 ,5.00 ,5.00 ,12.86 ,0.19 ,0.53 ,1.00 ,,,,,,
1.00 ,1.00 ,3.00 ,8.00 ,1.00 ,1.00 ,19.00 ,18.00 ,28.00 ,9.00 ,9.00 ,1.00 ,0.00 ,0.00 ,1.00 ,0.00 ,1.00 ,18.00 ,8.00 ,8.00 ,16.20 ,-0.05 ,-3.18 ,1.00 ,,,,,,
1.00 ,1.00 ,2.00 ,16.00 ,1.00 ,1.00 ,8.00 ,17.00 ,14.00 ,10.00 ,7.00 ,1.00 ,0.00 ,0.00 ,1.00 ,0.00 ,0.00 ,20.00 ,5.00 ,5.00 ,14.62 ,1.84 ,-1.90 ,1.00 ,,,,,,
1.00 ,17.00 ,1.00 ,16.00 ,0.00 ,1.00 ,14.00 ,19.00 ,24.00 ,9.00 ,9.00 ,1.00 ,0.00 ,0.00 ,1.00 ,1.00 ,0.00 ,39.00 ,17.00 ,12.00 ,10.71 ,-0.80 ,-1.06 ,1.00 ,,,,,,
1.00 ,13.00 ,1.00 ,14.00 ,1.00 ,13.00 ,3.00 ,3.00 ,1.00 ,4.00 ,6.00 ,0.00 ,0.00 ,0.00 ,1.00 ,0.00 ,0.00 ,21.00 ,7.00 ,9.00 ,13.72 ,2.86 ,0.19 ,1.00 ,,,,,,
1.00 ,9.00 ,3.00 ,14.00 ,1.00 ,1.00 ,11.00 ,3.00 ,2.00 ,6.00 ,3.00 ,1.00 ,0.00 ,0.00 ,1.00 ,0.00 ,0.00 ,21.00 ,7.00 ,3.00 ,7.60 ,3.70 ,3.51 ,1.00 ,,,,,,
1.00 ,10.00 ,1.00 ,12.00 ,1.00 ,1.00 ,14.00 ,20.00 ,28.00 ,9.00 ,11.00 ,0.00 ,0.00 ,1.00 ,0.00 ,1.00 ,0.00 ,33.00 ,2.00 ,0.00 ,12.10 ,0.15 ,-1.13 ,0.00 ,,,,,,
1.00 ,4.00 ,1.00 ,14.00 ,1.00 ,1.00 ,11.00 ,12.00 ,14.00 ,11.00 ,10.00 ,1.00 ,0.00 ,0.00 ,1.00 ,0.00 ,0.00 ,21.00 ,6.00 ,7.00 ,9.02 ,0.81 ,2.51 ,1.00 ,,,,,,
1.00 ,7.00 ,1.00 ,9.00 ,1.00 ,1.00 ,13.00 ,4.00 ,3.00 ,2.00 ,2.00 ,1.00 ,0.00 ,0.00 ,1.00 ,0.00 ,0.00 ,21.00 ,7.00 ,6.00 ,14.13 ,0.50 ,2.65 ,1.00 ,,,,,,
1.00 ,13.00 ,1.00 ,3.00 ,1.00 ,1.00 ,13.00 ,1.00 ,1.00 ,10.00 ,9.00 ,1.00 ,0.00 ,0.00 ,1.00 ,0.00 ,0.00 ,35.00 ,17.00 ,9.00 ,14.90 ,2.06 ,-3.50 ,1.00 ,,,,,,
1.00 ,14.00 ,2.00 ,10.00 ,1.00 ,1.00 ,13.00 ,20.00 ,2.00 ,10.00 ,10.00 ,0.00 ,0.00 ,0.00 ,0.00 ,0.00 ,0.00 ,33.00 ,3.00 ,1.00 ,14.77 ,-0.26 ,-4.06 ,0.00 ,,,,,,
1.00 ,12.00 ,1.00 ,17.00 ,1.00 ,1.00 ,17.00 ,24.00 ,28.00 ,10.00 ,10.00 ,0.00 ,0.00 ,1.00 ,0.00 ,0.00 ,0.00 ,28.00 ,1.00 ,0.00 ,14.10 ,-0.06 ,-0.59 ,0.00 ,,,,,,
1.00 ,14.00 ,1.00 ,14.00 ,1.00 ,1.00 ,14.00 ,1.00 ,2.00 ,5.00 ,9.00 ,0.00 ,0.00 ,0.00 ,1.00 ,0.00 ,0.00 ,35.00 ,4.00 ,5.00 ,12.12 ,2.73 ,-0.68 ,1.00 ,,,,,,
3.00 ,17.00 ,1.00 ,14.00 ,1.00 ,1.00 ,12.00 ,23.00 ,5.00 ,9.00 ,6.00 ,0.00 ,0.00 ,1.00 ,1.00 ,0.00 ,1.00 ,59.00 ,7.00 ,7.00 ,14.80 ,-0.23 ,-2.49 ,1.00 ,,,,,,
1.00 ,7.00 ,1.00 ,15.00 ,1.00 ,1.00 ,13.00 ,13.00 ,1.00 ,3.00 ,10.00 ,1.00 ,0.00 ,0.00 ,1.00 ,1.00 ,0.00 ,20.00 ,6.00 ,6.00 ,8.85 ,0.94 ,2.77 ,1.00 ,,,,,,
1.00 ,6.00 ,1.00 ,15.00 ,1.00 ,1.00 ,9.00 ,23.00 ,2.00 ,14.00 ,10.00 ,0.00 ,0.00 ,1.00 ,1.00 ,0.00 ,0.00 ,21.00 ,7.00 ,6.00 ,10.34 ,0.73 ,2.33 ,1.00 ,,,,,,
1.00 ,1.00 ,1.00 ,8.00 ,1.00 ,1.00 ,6.00 ,5.00 ,28.00 ,3.00 ,10.00 ,0.00 ,0.00 ,1.00 ,0.00 ,0.00 ,0.00 ,19.00 ,1.00 ,0.00 ,10.20 ,0.51 ,0.27 ,0.00 ,,,,,,
1.00 ,6.00 ,1.00 ,2.00 ,1.00 ,1.00 ,13.00 ,5.00 ,3.00 ,2.00 ,4.00 ,1.00 ,0.00 ,0.00 ,1.00 ,0.00 ,0.00 ,20.00 ,7.00 ,11.00 ,12.33 ,0.76 ,3.10 ,1.00 ,,,,,,
1.00 ,6.00 ,1.00 ,5.00 ,1.00 ,1.00 ,15.00 ,2.00 ,2.00 ,10.00 ,5.00 ,0.00 ,0.00 ,1.00 ,1.00 ,0.00 ,0.00 ,21.00 ,7.00 ,10.00 ,12.64 ,0.06 ,2.56 ,1.00 ,,,,,,
1.00 ,12.00 ,1.00 ,11.00 ,1.00 ,1.00 ,12.00 ,2.00 ,3.00 ,10.00 ,5.00 ,0.00 ,0.00 ,0.00 ,1.00 ,0.00 ,1.00 ,21.00 ,6.00 ,5.00 ,13.95 ,3.28 ,-2.02 ,1.00 ,,,,,,
1.00 ,4.00 ,3.00 ,15.00 ,1.00 ,1.00 ,12.00 ,12.00 ,12.00 ,5.00 ,6.00 ,1.00 ,0.00 ,0.00 ,1.00 ,0.00 ,1.00 ,18.00 ,6.00 ,6.00 ,8.35 ,3.18 ,0.37 ,1.00 ,,,,,,
1.00 ,6.00 ,1.00 ,10.00 ,1.00 ,1.00 ,11.00 ,4.00 ,3.00 ,5.00 ,8.00 ,1.00 ,0.00 ,0.00 ,1.00 ,0.00 ,0.00 ,19.00 ,5.00 ,7.00 ,11.92 ,1.90 ,2.90 ,1.00 ,,,,,,
3.00 ,15.00 ,1.00 ,17.00 ,0.00 ,1.00 ,13.00 ,20.00 ,12.00 ,10.00 ,7.00 ,1.00 ,0.00 ,0.00 ,1.00 ,0.00 ,0.00 ,33.00 ,7.00 ,10.00 ,10.51 ,1.53 ,0.31 ,1.00 ,,,,,,
1.00 ,7.00 ,2.00 ,11.00 ,1.00 ,1.00 ,14.00 ,1.00 ,3.00 ,5.00 ,5.00 ,1.00 ,0.00 ,0.00 ,1.00 ,0.00 ,0.00 ,18.00 ,1.00 ,0.00 ,9.52 ,2.95 ,0.40 ,0.00 ,,,,,,
1.00 ,5.00 ,1.00 ,17.00 ,1.00 ,12.00 ,12.00 ,22.00 ,14.00 ,5.00 ,5.00 ,0.00 ,0.00 ,1.00 ,1.00 ,0.00 ,0.00 ,24.00 ,6.00 ,5.00 ,10.10 ,0.72 ,3.14 ,1.00 ,,,,,,
1.00 ,12.00 ,1.00 ,14.00 ,1.00 ,1.00 ,15.00 ,21.00 ,26.00 ,10.00 ,10.00 ,0.00 ,0.00 ,0.00 ,1.00 ,0.00 ,0.00 ,28.00 ,6.00 ,9.00 ,13.57 ,0.67 ,3.51 ,1.00 ,,,,,,
1.00 ,4.00 ,1.00 ,14.00 ,1.00 ,1.00 ,14.00 ,13.00 ,13.00 ,10.00 ,11.00 ,0.00 ,0.00 ,0.00 ,1.00 ,0.00 ,1.00 ,18.00 ,6.00 ,5.00 ,10.26 ,0.68 ,1.93 ,1.00 ,,,,,,
1.00 ,7.00 ,1.00 ,15.00 ,1.00 ,1.00 ,12.00 ,19.00 ,1.00 ,5.00 ,7.00 ,0.00 ,0.00 ,0.00 ,1.00 ,0.00 ,0.00 ,21.00 ,2.00 ,1.00 ,7.60 ,2.11 ,-3.24 ,0.00 ,,,,,,
1.00 ,13.00 ,1.00 ,12.00 ,1.00 ,11.00 ,4.00 ,22.00 ,3.00 ,2.00 ,7.00 ,0.00 ,0.00 ,1.00 ,1.00 ,0.00 ,0.00 ,41.00 ,7.00 ,5.00 ,15.01 ,-0.26 ,-2.43 ,1.00 ,,,,,,
1.00 ,3.00 ,2.00 ,5.00 ,1.00 ,1.00 ,10.00 ,1.00 ,4.00 ,2.00 ,4.00 ,1.00 ,0.00 ,0.00 ,1.00 ,0.00 ,1.00 ,20.00 ,7.00 ,9.00 ,15.36 ,1.84 ,-1.26 ,1.00 ,,,,,,
1.00 ,4.00 ,2.00 ,16.00 ,1.00 ,1.00 ,5.00 ,17.00 ,28.00 ,9.00 ,4.00 ,1.00 ,0.00 ,0.00 ,1.00 ,0.00 ,1.00 ,20.00 ,6.00 ,6.00 ,11.17 ,2.62 ,-1.32 ,1.00 ,,,,,,
1.00 ,7.00 ,1.00 ,6.00 ,1.00 ,1.00 ,9.00 ,5.00 ,3.00 ,4.00 ,5.00 ,0.00 ,0.00 ,0.00 ,1.00 ,0.00 ,0.00 ,21.00 ,5.00 ,7.00 ,12.77 ,1.37 ,3.51 ,1.00 ,,,,,,
1.00 ,15.00 ,1.00 ,3.00 ,1.00 ,1.00 ,13.00 ,4.00 ,2.00 ,9.00 ,3.00 ,1.00 ,0.00 ,0.00 ,1.00 ,0.00 ,0.00 ,20.00 ,7.00 ,11.00 ,11.35 ,1.02 ,3.12 ,1.00 ,,,,,,
1.00 ,5.00 ,1.00 ,9.00 ,1.00 ,1.00 ,13.00 ,13.00 ,1.00 ,9.00 ,6.00 ,0.00 ,0.00 ,1.00 ,0.00 ,1.00 ,0.00 ,23.00 ,6.00 ,5.00 ,15.36 ,-0.18 ,2.49 ,1.00 ,,,,,,
1.00 ,1.00 ,3.00 ,14.00 ,1.00 ,1.00 ,7.00 ,10.00 ,2.00 ,5.00 ,6.00 ,1.00 ,0.00 ,0.00 ,1.00 ,0.00 ,1.00 ,18.00 ,7.00 ,6.00 ,12.75 ,1.22 ,-1.30 ,1.00 ,,,,,,
1.00 ,15.00 ,1.00 ,13.00 ,0.00 ,1.00 ,18.00 ,20.00 ,27.00 ,9.00 ,10.00 ,1.00 ,0.00 ,0.00 ,1.00 ,0.00 ,0.00 ,27.00 ,15.00 ,9.00 ,12.42 ,-0.80 ,1.62 ,1.00 ,,,,,,
1.00 ,1.00 ,1.00 ,14.00 ,1.00 ,1.00 ,17.00 ,1.00 ,28.00 ,4.00 ,6.00 ,1.00 ,0.00 ,0.00 ,1.00 ,1.00 ,0.00 ,22.00 ,0.00 ,0.00 ,12.41 ,1.70 ,-4.06 ,0.00 ,,,,,,
1.00 ,5.00 ,1.00 ,6.00 ,1.00 ,1.00 ,10.00 ,12.00 ,15.00 ,10.00 ,9.00 ,1.00 ,0.00 ,0.00 ,1.00 ,1.00 ,0.00 ,19.00 ,6.00 ,5.00 ,12.47 ,0.53 ,1.97 ,1.00 ,,,,,,
1.00 ,5.00 ,1.00 ,13.00 ,1.00 ,1.00 ,12.00 ,19.00 ,28.00 ,10.00 ,9.00 ,0.00 ,0.00 ,1.00 ,0.00 ,0.00 ,0.00 ,18.00 ,0.00 ,0.00 ,11.43 ,0.30 ,-0.47 ,0.00 ,,,,,,
1.00 ,3.00 ,1.00 ,11.00 ,1.00 ,12.00 ,7.00 ,2.00 ,4.00 ,4.00 ,6.00 ,1.00 ,0.00 ,1.00 ,0.00 ,0.00 ,0.00 ,20.00 ,1.00 ,0.00 ,13.50 ,0.41 ,0.70 ,0.00 ,,,,,,
1.00 ,6.00 ,1.00 ,8.00 ,1.00 ,1.00 ,14.00 ,2.00 ,2.00 ,6.00 ,4.00 ,0.00 ,0.00 ,0.00 ,1.00 ,0.00 ,1.00 ,20.00 ,6.00 ,7.00 ,12.29 ,1.34 ,3.51 ,1.00 ,,,,,,
1.00 ,14.00 ,1.00 ,11.00 ,1.00 ,10.00 ,4.00 ,3.00 ,3.00 ,9.00 ,7.00 ,0.00 ,0.00 ,0.00 ,1.00 ,0.00 ,0.00 ,26.00 ,7.00 ,9.00 ,12.49 ,2.14 ,-2.46 ,1.00 ,,,,,,
1.00 ,5.00 ,1.00 ,16.00 ,1.00 ,1.00 ,12.00 ,2.00 ,2.00 ,10.00 ,10.00 ,1.00 ,0.00 ,1.00 ,0.00 ,0.00 ,0.00 ,19.00 ,6.00 ,5.00 ,10.80 ,1.35 ,2.50 ,0.00 ,,,,,,
1.00 ,2.00 ,3.00 ,16.00 ,1.00 ,1.00 ,3.00 ,21.00 ,27.00 ,4.00 ,9.00 ,0.00 ,0.00 ,1.00 ,0.00 ,1.00 ,0.00 ,20.00 ,3.00 ,0.00 ,10.15 ,0.51 ,1.80 ,0.00 ,,,,,,
1.00 ,3.00 ,1.00 ,11.00 ,1.00 ,1.00 ,9.00 ,2.00 ,3.00 ,4.00 ,7.00 ,1.00 ,0.00 ,0.00 ,1.00 ,0.00 ,1.00 ,18.00 ,2.00 ,0.00 ,13.73 ,3.47 ,-2.17 ,0.00 ,,,,,,
1.00 ,1.00 ,1.00 ,16.00 ,1.00 ,1.00 ,4.00 ,23.00 ,28.00 ,5.00 ,7.00 ,0.00 ,0.00 ,0.00 ,1.00 ,0.00 ,0.00 ,21.00 ,6.00 ,5.00 ,10.95 ,2.87 ,-2.81 ,1.00 ,,,,,,
1.00 ,13.00 ,1.00 ,6.00 ,1.00 ,1.00 ,13.00 ,22.00 ,28.00 ,9.00 ,10.00 ,0.00 ,0.00 ,0.00 ,1.00 ,1.00 ,0.00 ,39.00 ,2.00 ,6.00 ,11.22 ,-0.46 ,0.46 ,1.00 ,,,,,,
1.00 ,6.00 ,1.00 ,16.00 ,1.00 ,1.00 ,2.00 ,1.00 ,3.00 ,3.00 ,5.00 ,0.00 ,0.00 ,0.00 ,1.00 ,0.00 ,0.00 ,23.00 ,6.00 ,6.00 ,14.95 ,1.65 ,-3.62 ,1.00 ,,,,,,
1.00 ,1.00 ,3.00 ,16.00 ,1.00 ,1.00 ,15.00 ,2.00 ,2.00 ,5.00 ,10.00 ,1.00 ,0.00 ,1.00 ,0.00 ,0.00 ,0.00 ,20.00 ,3.00 ,5.00 ,11.68 ,1.08 ,1.64 ,0.00 ,,,,,,
1.00 ,2.00 ,2.00 ,14.00 ,0.00 ,1.00 ,10.00 ,20.00 ,2.00 ,10.00 ,4.00 ,1.00 ,0.00 ,0.00 ,1.00 ,0.00 ,0.00 ,27.00 ,18.00 ,8.00 ,14.59 ,0.82 ,-0.52 ,1.00 ,,,,,,
1.00 ,2.00 ,1.00 ,13.00 ,1.00 ,1.00 ,8.00 ,18.00 ,28.00 ,5.00 ,5.00 ,1.00 ,0.00 ,0.00 ,1.00 ,0.00 ,0.00 ,39.00 ,7.00 ,6.00 ,15.68 ,2.68 ,-3.73 ,1.00 ,,,,,,
1.00 ,5.00 ,1.00 ,13.00 ,1.00 ,1.00 ,13.00 ,12.00 ,15.00 ,5.00 ,5.00 ,1.00 ,0.00 ,0.00 ,1.00 ,1.00 ,0.00 ,20.00 ,6.00 ,6.00 ,12.74 ,0.79 ,2.54 ,1.00 ,,,,,,
1.00 ,17.00 ,1.00 ,13.00 ,0.00 ,1.00 ,14.00 ,23.00 ,25.00 ,9.00 ,10.00 ,0.00 ,0.00 ,0.00 ,1.00 ,1.00 ,0.00 ,34.00 ,3.00 ,6.00 ,9.19 ,-0.80 ,-1.73 ,1.00 ,,,,,,
1.00 ,15.00 ,1.00 ,10.00 ,1.00 ,1.00 ,14.00 ,1.00 ,4.00 ,5.00 ,10.00 ,0.00 ,0.00 ,1.00 ,0.00 ,0.00 ,0.00 ,18.00 ,0.00 ,0.00 ,8.65 ,3.26 ,1.52 ,0.00 ,,,,,,
1.00 ,5.00 ,1.00 ,12.00 ,1.00 ,1.00 ,11.00 ,1.00 ,2.00 ,4.00 ,4.00 ,0.00 ,0.00 ,0.00 ,1.00 ,0.00 ,0.00 ,21.00 ,7.00 ,10.00 ,13.26 ,2.62 ,-1.75 ,1.00 ,,,,,,
1.00 ,2.00 ,1.00 ,9.00 ,1.00 ,1.00 ,14.00 ,1.00 ,1.00 ,6.00 ,10.00 ,0.00 ,0.00 ,1.00 ,1.00 ,1.00 ,0.00 ,20.00 ,0.00 ,0.00 ,8.01 ,2.93 ,-1.33 ,0.00 ,,,,,,
1.00 ,1.00 ,1.00 ,3.00 ,1.00 ,1.00 ,17.00 ,12.00 ,1.00 ,9.00 ,4.00 ,1.00 ,0.00 ,0.00 ,1.00 ,0.00 ,0.00 ,18.00 ,6.00 ,8.00 ,12.46 ,-0.08 ,3.16 ,1.00 ,,,,,,
1.00 ,5.00 ,2.00 ,10.00 ,1.00 ,1.00 ,13.00 ,13.00 ,3.00 ,9.00 ,10.00 ,0.00 ,0.00 ,0.00 ,1.00 ,0.00 ,0.00 ,18.00 ,0.00 ,0.00 ,12.03 ,0.86 ,-0.04 ,0.00 ,,,,,,
1.00 ,1.00 ,2.00 ,14.00 ,1.00 ,1.00 ,17.00 ,10.00 ,13.00 ,11.00 ,11.00 ,1.00 ,0.00 ,0.00 ,1.00 ,0.00 ,1.00 ,18.00 ,7.00 ,7.00 ,7.60 ,1.38 ,3.18 ,1.00 ,,,,,,
1.00 ,1.00 ,2.00 ,8.00 ,1.00 ,1.00 ,17.00 ,2.00 ,2.00 ,3.00 ,4.00 ,1.00 ,0.00 ,0.00 ,1.00 ,0.00 ,0.00 ,18.00 ,6.00 ,6.00 ,13.01 ,1.32 ,-1.20 ,1.00 ,,,,,,
1.00 ,3.00 ,1.00 ,10.00 ,1.00 ,1.00 ,16.00 ,2.00 ,2.00 ,4.00 ,6.00 ,0.00 ,0.00 ,1.00 ,1.00 ,0.00 ,0.00 ,19.00 ,0.00 ,0.00 ,9.80 ,1.34 ,3.51 ,0.00 ,,,,,,
1.00 ,14.00 ,2.00 ,5.00 ,1.00 ,1.00 ,16.00 ,1.00 ,28.00 ,2.00 ,11.00 ,1.00 ,0.00 ,1.00 ,0.00 ,0.00 ,0.00 ,25.00 ,0.00 ,0.00 ,16.20 ,0.12 ,-4.06 ,0.00 ,,,,,,
1.00 ,5.00 ,1.00 ,11.00 ,1.00 ,1.00 ,11.00 ,21.00 ,27.00 ,10.00 ,9.00 ,0.00 ,0.00 ,1.00 ,1.00 ,1.00 ,0.00 ,24.00 ,7.00 ,7.00 ,8.58 ,1.17 ,1.28 ,1.00 ,,,,,,
3.00 ,16.00 ,1.00 ,17.00 ,0.00 ,1.00 ,17.00 ,21.00 ,27.00 ,9.00 ,7.00 ,0.00 ,0.00 ,0.00 ,1.00 ,0.00 ,0.00 ,34.00 ,7.00 ,8.00 ,9.19 ,0.80 ,-0.85 ,1.00 ,,,,,,
1.00 ,5.00 ,3.00 ,17.00 ,1.00 ,1.00 ,16.00 ,12.00 ,2.00 ,10.00 ,10.00 ,1.00 ,0.00 ,0.00 ,0.00 ,0.00 ,0.00 ,18.00 ,6.00 ,5.00 ,8.90 ,1.01 ,3.51 ,1.00 ,,,,,,
1.00 ,4.00 ,1.00 ,9.00 ,1.00 ,1.00 ,13.00 ,3.00 ,1.00 ,3.00 ,5.00 ,1.00 ,0.00 ,0.00 ,1.00 ,0.00 ,1.00 ,18.00 ,8.00 ,6.00 ,12.44 ,2.97 ,0.43 ,1.00 ,,,,,,
1.00 ,3.00 ,3.00 ,12.00 ,1.00 ,1.00 ,10.00 ,2.00 ,4.00 ,5.00 ,9.00 ,1.00 ,0.00 ,0.00 ,1.00 ,0.00 ,1.00 ,18.00 ,6.00 ,1.00 ,9.30 ,2.31 ,3.11 ,0.00 ,,,,,,
1.00 ,2.00 ,3.00 ,7.00 ,1.00 ,1.00 ,7.00 ,24.00 ,2.00 ,4.00 ,9.00 ,1.00 ,0.00 ,0.00 ,1.00 ,1.00 ,0.00 ,20.00 ,0.00 ,0.00 ,10.34 ,0.47 ,-1.43 ,0.00 ,,,,,,
1.00 ,13.00 ,1.00 ,13.00 ,1.00 ,1.00 ,11.00 ,25.00 ,28.00 ,9.00 ,10.00 ,0.00 ,0.00 ,1.00 ,0.00 ,0.00 ,1.00 ,19.00 ,0.00 ,1.00 ,9.37 ,0.46 ,-0.22 ,0.00 ,,,,,,
1.00 ,1.00 ,1.00 ,6.00 ,1.00 ,1.00 ,9.00 ,1.00 ,2.00 ,10.00 ,7.00 ,0.00 ,0.00 ,0.00 ,1.00 ,0.00 ,1.00 ,21.00 ,6.00 ,7.00 ,15.94 ,0.88 ,1.56 ,1.00 ,,,,,,
1.00 ,6.00 ,1.00 ,16.00 ,1.00 ,1.00 ,13.00 ,22.00 ,28.00 ,10.00 ,10.00 ,0.00 ,0.00 ,1.00 ,1.00 ,0.00 ,0.00 ,22.00 ,1.00 ,4.00 ,13.30 ,1.06 ,1.51 ,0.00 ,,,,,,
1.00 ,7.00 ,3.00 ,13.00 ,1.00 ,1.00 ,13.00 ,14.00 ,1.00 ,10.00 ,10.00 ,1.00 ,0.00 ,0.00 ,0.00 ,0.00 ,0.00 ,21.00 ,6.00 ,6.00 ,9.05 ,-0.38 ,3.28 ,1.00 ,,,,,,
1.00 ,6.00 ,2.00 ,14.00 ,1.00 ,1.00 ,9.00 ,10.00 ,2.00 ,9.00 ,9.00 ,1.00 ,0.00 ,0.00 ,1.00 ,0.00 ,0.00 ,19.00 ,7.00 ,9.00 ,13.82 ,-0.75 ,-0.53 ,1.00 ,,,,,,
1.00 ,4.00 ,2.00 ,9.00 ,1.00 ,1.00 ,13.00 ,14.00 ,2.00 ,4.00 ,10.00 ,1.00 ,0.00 ,0.00 ,1.00 ,0.00 ,0.00 ,18.00 ,6.00 ,5.00 ,15.54 ,0.01 ,1.67 ,1.00 ,,,,,,
1.00 ,2.00 ,4.00 ,16.00 ,1.00 ,1.00 ,15.00 ,4.00 ,4.00 ,9.00 ,4.00 ,1.00 ,0.00 ,0.00 ,0.00 ,0.00 ,1.00 ,18.00 ,7.00 ,6.00 ,14.24 ,1.11 ,3.51 ,1.00 ,,,,,,
1.00 ,2.00 ,1.00 ,4.00 ,1.00 ,1.00 ,15.00 ,1.00 ,2.00 ,4.00 ,6.00 ,1.00 ,0.00 ,1.00 ,0.00 ,0.00 ,0.00 ,18.00 ,0.00 ,0.00 ,12.07 ,-0.08 ,-3.34 ,0.00 ,,,,,,
2.00 ,14.00 ,1.00 ,17.00 ,1.00 ,1.00 ,17.00 ,24.00 ,28.00 ,9.00 ,11.00 ,0.00 ,0.00 ,0.00 ,1.00 ,0.00 ,0.00 ,23.00 ,6.00 ,6.00 ,12.40 ,1.24 ,-4.06 ,0.00 ,,,,,,
1.00 ,1.00 ,1.00 ,7.00 ,1.00 ,1.00 ,19.00 ,3.00 ,2.00 ,5.00 ,9.00 ,1.00 ,0.00 ,0.00 ,1.00 ,0.00 ,0.00 ,18.00 ,7.00 ,7.00 ,12.13 ,2.17 ,3.51 ,1.00 ,,,,,,
1.00 ,7.00 ,1.00 ,11.00 ,1.00 ,1.00 ,14.00 ,1.00 ,2.00 ,3.00 ,5.00 ,0.00 ,0.00 ,1.00 ,0.00 ,0.00 ,0.00 ,21.00 ,2.00 ,0.00 ,9.31 ,0.27 ,1.66 ,0.00 ,,,,,,
1.00 ,13.00 ,1.00 ,14.00 ,1.00 ,1.00 ,16.00 ,3.00 ,18.00 ,10.00 ,10.00 ,0.00 ,0.00 ,0.00 ,0.00 ,0.00 ,0.00 ,27.00 ,6.00 ,5.00 ,14.70 ,2.38 ,0.95 ,1.00 ,,,,,,
1.00 ,2.00 ,1.00 ,17.00 ,1.00 ,1.00 ,10.00 ,15.00 ,12.00 ,9.00 ,10.00 ,0.00 ,0.00 ,0.00 ,1.00 ,0.00 ,0.00 ,18.00 ,6.00 ,6.00 ,13.18 ,1.16 ,3.51 ,1.00 ,,,,,,
1.00 ,8.00 ,3.00 ,15.00 ,1.00 ,1.00 ,15.00 ,14.00 ,1.00 ,9.00 ,4.00 ,1.00 ,0.00 ,0.00 ,0.00 ,0.00 ,0.00 ,22.00 ,7.00 ,6.00 ,7.60 ,-0.54 ,3.16 ,1.00 ,,,,,,
1.00 ,2.00 ,3.00 ,7.00 ,1.00 ,1.00 ,19.00 ,1.00 ,26.00 ,10.00 ,9.00 ,1.00 ,0.00 ,0.00 ,1.00 ,0.00 ,1.00 ,18.00 ,15.00 ,9.00 ,16.12 ,0.92 ,-0.66 ,1.00 ,,,,,,
1.00 ,5.00 ,1.00 ,10.00 ,1.00 ,1.00 ,12.00 ,14.00 ,1.00 ,10.00 ,10.00 ,1.00 ,0.00 ,0.00 ,0.00 ,0.00 ,0.00 ,22.00 ,6.00 ,6.00 ,9.18 ,-0.01 ,2.39 ,1.00 ,,,,,,
1.00 ,3.00 ,2.00 ,5.00 ,1.00 ,1.00 ,16.00 ,3.00 ,2.00 ,9.00 ,3.00 ,1.00 ,0.00 ,0.00 ,0.00 ,0.00 ,0.00 ,21.00 ,15.00 ,9.00 ,13.65 ,0.26 ,1.93 ,1.00 ,,,,,,
1.00 ,7.00 ,2.00 ,11.00 ,1.00 ,1.00 ,11.00 ,2.00 ,3.00 ,4.00 ,6.00 ,0.00 ,0.00 ,1.00 ,1.00 ,0.00 ,0.00 ,20.00 ,3.00 ,6.00 ,10.00 ,3.42 ,3.14 ,1.00 ,,,,,,
2.00 ,2.00 ,1.00 ,17.00 ,1.00 ,1.00 ,8.00 ,21.00 ,27.00 ,10.00 ,7.00 ,0.00 ,0.00 ,0.00 ,1.00 ,0.00 ,0.00 ,59.00 ,7.00 ,10.00 ,9.28 ,2.39 ,0.39 ,1.00 ,,,,,,
1.00 ,7.00 ,2.00 ,9.00 ,1.00 ,1.00 ,13.00 ,8.00 ,28.00 ,2.00 ,9.00 ,1.00 ,0.00 ,0.00 ,1.00 ,1.00 ,0.00 ,18.00 ,0.00 ,1.00 ,10.11 ,3.22 ,-4.06 ,0.00 ,,,,,,
1.00 ,6.00 ,1.00 ,8.00 ,1.00 ,1.00 ,15.00 ,2.00 ,2.00 ,9.00 ,3.00 ,1.00 ,0.00 ,0.00 ,1.00 ,1.00 ,0.00 ,20.00 ,14.00 ,9.00 ,14.46 ,1.06 ,1.82 ,1.00 ,,,,,,
1.00 ,4.00 ,3.00 ,13.00 ,1.00 ,1.00 ,7.00 ,1.00 ,2.00 ,4.00 ,4.00 ,1.00 ,0.00 ,0.00 ,1.00 ,0.00 ,1.00 ,18.00 ,7.00 ,6.00 ,11.86 ,-0.05 ,0.27 ,1.00 ,,,,,,
1.00 ,14.00 ,2.00 ,13.00 ,1.00 ,1.00 ,14.00 ,21.00 ,28.00 ,10.00 ,6.00 ,1.00 ,0.00 ,0.00 ,0.00 ,0.00 ,0.00 ,33.00 ,5.00 ,9.00 ,14.92 ,1.66 ,-4.06 ,0.00 ,,,,,,
1.00 ,1.00 ,2.00 ,5.00 ,1.00 ,1.00 ,15.00 ,14.00 ,1.00 ,10.00 ,9.00 ,1.00 ,0.00 ,0.00 ,1.00 ,0.00 ,0.00 ,18.00 ,5.00 ,7.00 ,12.90 ,0.04 ,-1.06 ,1.00 ,,,,,,
1.00 ,8.00 ,1.00 ,12.00 ,1.00 ,1.00 ,13.00 ,3.00 ,1.00 ,3.00 ,3.00 ,1.00 ,0.00 ,1.00 ,1.00 ,1.00 ,0.00 ,22.00 ,3.00 ,1.00 ,10.97 ,-0.49 ,3.17 ,1.00 ,,,,,,
1.00 ,14.00 ,1.00 ,14.00 ,1.00 ,11.00 ,15.00 ,2.00 ,4.00 ,2.00 ,10.00 ,0.00 ,0.00 ,1.00 ,0.00 ,0.00 ,1.00 ,20.00 ,0.00 ,0.00 ,15.58 ,0.31 ,-0.39 ,0.00 ,,,,,,
1.00 ,7.00 ,1.00 ,15.00 ,1.00 ,1.00 ,16.00 ,4.00 ,3.00 ,3.00 ,4.00 ,1.00 ,0.00 ,0.00 ,1.00 ,0.00 ,0.00 ,19.00 ,6.00 ,6.00 ,10.98 ,0.35 ,3.36 ,1.00 ,,,,,,
1.00 ,3.00 ,3.00 ,7.00 ,1.00 ,1.00 ,12.00 ,2.00 ,4.00 ,3.00 ,3.00 ,1.00 ,0.00 ,0.00 ,0.00 ,0.00 ,0.00 ,18.00 ,0.00 ,0.00 ,9.72 ,0.96 ,1.80 ,0.00 ,,,,,,
1.00 ,16.00 ,2.00 ,6.00 ,1.00 ,14.00 ,11.00 ,2.00 ,4.00 ,1.00 ,5.00 ,1.00 ,0.00 ,0.00 ,0.00 ,0.00 ,0.00 ,26.00 ,1.00 ,0.00 ,13.26 ,2.94 ,-1.11 ,0.00 ,,,,,,
1.00 ,5.00 ,1.00 ,13.00 ,1.00 ,1.00 ,14.00 ,15.00 ,1.00 ,4.00 ,10.00 ,1.00 ,0.00 ,0.00 ,1.00 ,0.00 ,0.00 ,18.00 ,5.00 ,5.00 ,12.57 ,-0.24 ,3.11 ,1.00 ,,,,,,
1.00 ,11.00 ,1.00 ,17.00 ,1.00 ,1.00 ,16.00 ,19.00 ,2.00 ,10.00 ,11.00 ,0.00 ,0.00 ,1.00 ,0.00 ,0.00 ,0.00 ,23.00 ,7.00 ,4.00 ,12.42 ,-0.03 ,0.34 ,0.00 ,,,,,,
1.00 ,12.00 ,1.00 ,13.00 ,1.00 ,1.00 ,7.00 ,2.00 ,4.00 ,10.00 ,7.00 ,0.00 ,0.00 ,1.00 ,0.00 ,0.00 ,0.00 ,35.00 ,18.00 ,6.00 ,12.17 ,0.52 ,1.09 ,1.00 ,,,,,,
1.00 ,2.00 ,3.00 ,15.00 ,1.00 ,1.00 ,9.00 ,19.00 ,27.00 ,10.00 ,9.00 ,1.00 ,0.00 ,0.00 ,1.00 ,0.00 ,1.00 ,18.00 ,7.00 ,9.00 ,14.19 ,0.85 ,-1.48 ,1.00 ,,,,,,
1.00 ,6.00 ,2.00 ,4.00 ,1.00 ,1.00 ,12.00 ,1.00 ,3.00 ,3.00 ,4.00 ,1.00 ,0.00 ,0.00 ,1.00 ,0.00 ,0.00 ,18.00 ,3.00 ,0.00 ,14.18 ,0.80 ,0.29 ,1.00 ,,,,,,
1.00 ,1.00 ,1.00 ,15.00 ,1.00 ,1.00 ,5.00 ,2.00 ,14.00 ,4.00 ,7.00 ,1.00 ,0.00 ,0.00 ,1.00 ,0.00 ,0.00 ,18.00 ,6.00 ,5.00 ,13.43 ,0.25 ,-1.96 ,1.00 ,,,,,,
1.00 ,15.00 ,1.00 ,15.00 ,1.00 ,1.00 ,3.00 ,3.00 ,2.00 ,5.00 ,8.00 ,0.00 ,0.00 ,0.00 ,1.00 ,0.00 ,0.00 ,33.00 ,2.00 ,0.00 ,11.02 ,2.79 ,-2.33 ,0.00 ,,,,,,
1.00 ,7.00 ,1.00 ,7.00 ,1.00 ,14.00 ,11.00 ,4.00 ,3.00 ,4.00 ,4.00 ,0.00 ,0.00 ,0.00 ,1.00 ,0.00 ,1.00 ,22.00 ,5.00 ,5.00 ,16.20 ,0.23 ,1.41 ,1.00 ,,,,,,
2.00 ,18.00 ,1.00 ,10.00 ,0.00 ,1.00 ,17.00 ,22.00 ,26.00 ,10.00 ,8.00 ,0.00 ,0.00 ,0.00 ,1.00 ,0.00 ,0.00 ,33.00 ,18.00 ,9.00 ,11.45 ,0.64 ,0.75 ,1.00 ,,,,,,
1.00 ,1.00 ,1.00 ,15.00 ,1.00 ,1.00 ,14.00 ,20.00 ,1.00 ,11.00 ,9.00 ,1.00 ,0.00 ,0.00 ,1.00 ,0.00 ,1.00 ,20.00 ,6.00 ,5.00 ,14.73 ,0.47 ,-1.00 ,1.00 ,,,,,,
1.00 ,5.00 ,1.00 ,7.00 ,1.00 ,1.00 ,12.00 ,22.00 ,15.00 ,9.00 ,10.00 ,0.00 ,0.00 ,0.00 ,1.00 ,1.00 ,0.00 ,22.00 ,5.00 ,5.00 ,13.29 ,-0.77 ,-4.06 ,1.00 ,,,,,,
1.00 ,8.00 ,1.00 ,16.00 ,1.00 ,1.00 ,12.00 ,23.00 ,3.00 ,3.00 ,7.00 ,0.00 ,0.00 ,0.00 ,1.00 ,1.00 ,0.00 ,31.00 ,0.00 ,1.00 ,8.83 ,0.17 ,-1.54 ,0.00 ,,,,,,
1.00 ,1.00 ,1.00 ,9.00 ,1.00 ,1.00 ,14.00 ,22.00 ,25.00 ,10.00 ,9.00 ,1.00 ,0.00 ,1.00 ,1.00 ,1.00 ,0.00 ,22.00 ,6.00 ,5.00 ,11.42 ,1.27 ,1.09 ,1.00 ,,,,,,
1.00 ,6.00 ,1.00 ,15.00 ,1.00 ,1.00 ,9.00 ,2.00 ,2.00 ,4.00 ,6.00 ,0.00 ,0.00 ,0.00 ,1.00 ,0.00 ,0.00 ,21.00 ,6.00 ,5.00 ,16.20 ,-0.07 ,2.44 ,1.00 ,,,,,,
1.00 ,13.00 ,1.00 ,8.00 ,0.00 ,1.00 ,18.00 ,21.00 ,24.00 ,9.00 ,9.00 ,1.00 ,0.00 ,0.00 ,0.00 ,0.00 ,0.00 ,33.00 ,17.00 ,9.00 ,12.37 ,-0.43 ,1.97 ,1.00 ,,,,,,
1.00 ,5.00 ,2.00 ,17.00 ,1.00 ,1.00 ,13.00 ,10.00 ,10.00 ,10.00 ,11.00 ,0.00 ,0.00 ,0.00 ,1.00 ,1.00 ,0.00 ,19.00 ,6.00 ,5.00 ,10.22 ,0.39 ,2.55 ,1.00 ,,,,,,
1.00 ,7.00 ,1.00 ,4.00 ,1.00 ,1.00 ,14.00 ,19.00 ,1.00 ,5.00 ,4.00 ,0.00 ,0.00 ,1.00 ,1.00 ,1.00 ,0.00 ,24.00 ,2.00 ,5.00 ,11.29 ,-0.45 ,1.67 ,1.00 ,,,,,,
1.00 ,5.00 ,1.00 ,10.00 ,1.00 ,1.00 ,14.00 ,11.00 ,3.00 ,10.00 ,5.00 ,1.00 ,0.00 ,0.00 ,1.00 ,1.00 ,0.00 ,19.00 ,7.00 ,7.00 ,15.01 ,0.75 ,2.40 ,1.00 ,,,,,,
1.00 ,13.00 ,1.00 ,15.00 ,1.00 ,1.00 ,14.00 ,3.00 ,2.00 ,13.00 ,6.00 ,0.00 ,0.00 ,1.00 ,0.00 ,0.00 ,0.00 ,23.00 ,6.00 ,5.00 ,11.85 ,1.09 ,2.78 ,1.00 ,,,,,,
1.00 ,5.00 ,1.00 ,12.00 ,1.00 ,1.00 ,12.00 ,13.00 ,11.00 ,6.00 ,9.00 ,0.00 ,0.00 ,0.00 ,1.00 ,0.00 ,0.00 ,23.00 ,7.00 ,6.00 ,9.33 ,0.48 ,3.51 ,1.00 ,,,,,,
1.00 ,1.00 ,1.00 ,12.00 ,1.00 ,1.00 ,2.00 ,19.00 ,3.00 ,9.00 ,6.00 ,1.00 ,0.00 ,1.00 ,0.00 ,0.00 ,0.00 ,20.00 ,3.00 ,0.00 ,8.78 ,-0.72 ,-3.32 ,0.00 ,,,,,,
1.00 ,14.00 ,1.00 ,12.00 ,0.00 ,1.00 ,10.00 ,19.00 ,27.00 ,9.00 ,8.00 ,1.00 ,0.00 ,0.00 ,1.00 ,1.00 ,0.00 ,29.00 ,6.00 ,1.00 ,13.41 ,-0.80 ,-4.06 ,1.00 ,,,,,,
1.00 ,5.00 ,1.00 ,8.00 ,1.00 ,1.00 ,12.00 ,2.00 ,2.00 ,9.00 ,10.00 ,1.00 ,0.00 ,0.00 ,1.00 ,1.00 ,0.00 ,18.00 ,6.00 ,6.00 ,12.01 ,0.31 ,2.38 ,1.00 ,,,,,,
1.00 ,2.00 ,3.00 ,9.00 ,1.00 ,1.00 ,16.00 ,22.00 ,24.00 ,10.00 ,10.00 ,1.00 ,0.00 ,0.00 ,1.00 ,1.00 ,1.00 ,21.00 ,6.00 ,6.00 ,10.45 ,-0.36 ,-2.44 ,1.00 ,,,,,,
1.00 ,14.00 ,1.00 ,15.00 ,0.00 ,1.00 ,14.00 ,19.00 ,27.00 ,9.00 ,8.00 ,1.00 ,0.00 ,0.00 ,1.00 ,1.00 ,0.00 ,31.00 ,16.00 ,11.00 ,11.97 ,-0.60 ,-3.07 ,1.00 ,,,,,,
1.00 ,2.00 ,3.00 ,14.00 ,1.00 ,1.00 ,11.00 ,3.00 ,2.00 ,4.00 ,5.00 ,1.00 ,0.00 ,0.00 ,1.00 ,0.00 ,0.00 ,18.00 ,6.00 ,6.00 ,13.20 ,0.41 ,3.51 ,0.00 ,,,,,,
1.00 ,6.00 ,2.00 ,4.00 ,1.00 ,1.00 ,19.00 ,1.00 ,2.00 ,9.00 ,5.00 ,1.00 ,0.00 ,0.00 ,1.00 ,0.00 ,0.00 ,18.00 ,1.00 ,1.00 ,13.90 ,0.11 ,-1.55 ,0.00 ,,,,,,
1.00 ,3.00 ,3.00 ,13.00 ,1.00 ,1.00 ,10.00 ,22.00 ,28.00 ,4.00 ,4.00 ,1.00 ,0.00 ,1.00 ,0.00 ,0.00 ,0.00 ,21.00 ,1.00 ,0.00 ,9.60 ,-0.03 ,-2.90 ,0.00 ,,,,,,
1.00 ,1.00 ,3.00 ,17.00 ,1.00 ,1.00 ,10.00 ,18.00 ,2.00 ,10.00 ,11.00 ,1.00 ,0.00 ,0.00 ,1.00 ,0.00 ,1.00 ,18.00 ,7.00 ,11.00 ,8.00 ,3.70 ,-0.13 ,1.00 ,,,,,,
1.00 ,6.00 ,1.00 ,4.00 ,1.00 ,1.00 ,12.00 ,3.00 ,3.00 ,3.00 ,5.00 ,1.00 ,0.00 ,0.00 ,1.00 ,0.00 ,0.00 ,21.00 ,7.00 ,7.00 ,13.39 ,0.99 ,2.89 ,1.00 ,,,,,,
1.00 ,2.00 ,3.00 ,7.00 ,1.00 ,1.00 ,13.00 ,12.00 ,13.00 ,9.00 ,8.00 ,1.00 ,0.00 ,0.00 ,1.00 ,1.00 ,0.00 ,19.00 ,7.00 ,7.00 ,10.49 ,1.16 ,3.02 ,1.00 ,,,,,,
1.00 ,1.00 ,2.00 ,7.00 ,1.00 ,1.00 ,11.00 ,16.00 ,2.00 ,4.00 ,4.00 ,1.00 ,0.00 ,0.00 ,1.00 ,0.00 ,0.00 ,18.00 ,7.00 ,8.00 ,13.65 ,1.26 ,3.51 ,1.00 ,,,,,,
1.00 ,3.00 ,2.00 ,11.00 ,1.00 ,1.00 ,19.00 ,1.00 ,1.00 ,10.00 ,6.00 ,1.00 ,0.00 ,0.00 ,1.00 ,0.00 ,0.00 ,20.00 ,2.00 ,1.00 ,13.09 ,2.86 ,-0.39 ,1.00 ,,,,,,
1.00 ,13.00 ,3.00 ,14.00 ,1.00 ,1.00 ,16.00 ,11.00 ,24.00 ,9.00 ,5.00 ,1.00 ,0.00 ,0.00 ,0.00 ,0.00 ,0.00 ,23.00 ,6.00 ,7.00 ,13.98 ,0.23 ,2.15 ,1.00 ,,,,,,
1.00 ,1.00 ,3.00 ,10.00 ,1.00 ,1.00 ,14.00 ,22.00 ,14.00 ,10.00 ,9.00 ,1.00 ,0.00 ,0.00 ,1.00 ,1.00 ,0.00 ,19.00 ,6.00 ,5.00 ,8.13 ,1.28 ,2.37 ,1.00 ,,,,,,
1.00 ,15.00 ,1.00 ,16.00 ,0.00 ,1.00 ,15.00 ,20.00 ,26.00 ,9.00 ,5.00 ,1.00 ,0.00 ,0.00 ,1.00 ,0.00 ,0.00 ,29.00 ,7.00 ,11.00 ,15.04 ,-0.80 ,-1.29 ,1.00 ,,,,,,
1.00 ,3.00 ,2.00 ,3.00 ,1.00 ,1.00 ,14.00 ,14.00 ,16.00 ,9.00 ,9.00 ,1.00 ,0.00 ,0.00 ,1.00 ,1.00 ,0.00 ,18.00 ,6.00 ,5.00 ,16.14 ,1.18 ,1.71 ,1.00 ,,,,,,
1.00 ,5.00 ,1.00 ,12.00 ,1.00 ,1.00 ,10.00 ,2.00 ,2.00 ,10.00 ,10.00 ,0.00 ,0.00 ,0.00 ,1.00 ,0.00 ,0.00 ,19.00 ,7.00 ,6.00 ,11.37 ,3.70 ,2.58 ,1.00 ,,,,,,
1.00 ,2.00 ,1.00 ,10.00 ,1.00 ,1.00 ,13.00 ,14.00 ,3.00 ,4.00 ,6.00 ,0.00 ,0.00 ,0.00 ,1.00 ,0.00 ,0.00 ,20.00 ,0.00 ,0.00 ,13.13 ,3.70 ,-2.08 ,0.00 ,,,,,,
1.00 ,7.00 ,1.00 ,17.00 ,1.00 ,1.00 ,14.00 ,22.00 ,12.00 ,10.00 ,7.00 ,1.00 ,0.00 ,0.00 ,1.00 ,0.00 ,0.00 ,22.00 ,6.00 ,6.00 ,7.60 ,0.00 ,2.98 ,1.00 ,,,,,,
1.00 ,1.00 ,1.00 ,16.00 ,1.00 ,1.00 ,10.00 ,20.00 ,1.00 ,5.00 ,10.00 ,1.00 ,0.00 ,0.00 ,1.00 ,0.00 ,0.00 ,18.00 ,5.00 ,6.00 ,12.17 ,3.58 ,-0.30 ,0.00 ,,,,,,
1.00 ,5.00 ,1.00 ,7.00 ,1.00 ,1.00 ,12.00 ,4.00 ,2.00 ,10.00 ,9.00 ,0.00 ,0.00 ,0.00 ,1.00 ,0.00 ,0.00 ,19.00 ,7.00 ,6.00 ,13.03 ,0.97 ,3.18 ,1.00 ,,,,,,
1.00 ,7.00 ,1.00 ,8.00 ,1.00 ,1.00 ,13.00 ,2.00 ,13.00 ,4.00 ,4.00 ,1.00 ,0.00 ,0.00 ,1.00 ,1.00 ,0.00 ,20.00 ,6.00 ,7.00 ,9.58 ,3.06 ,0.31 ,1.00 ,,,,,,
3.00 ,7.00 ,1.00 ,17.00 ,1.00 ,1.00 ,19.00 ,22.00 ,28.00 ,10.00 ,8.00 ,0.00 ,0.00 ,0.00 ,1.00 ,0.00 ,0.00 ,23.00 ,6.00 ,5.00 ,10.96 ,0.36 ,-1.27 ,1.00 ,,,,,,
1.00 ,12.00 ,1.00 ,7.00 ,1.00 ,1.00 ,12.00 ,1.00 ,3.00 ,10.00 ,8.00 ,0.00 ,0.00 ,1.00 ,1.00 ,0.00 ,0.00 ,52.00 ,3.00 ,4.00 ,10.41 ,2.06 ,-4.06 ,0.00 ,,,,,,
3.00 ,7.00 ,1.00 ,12.00 ,1.00 ,1.00 ,13.00 ,16.00 ,15.00 ,10.00 ,10.00 ,0.00 ,0.00 ,0.00 ,1.00 ,0.00 ,0.00 ,33.00 ,6.00 ,5.00 ,11.38 ,2.93 ,2.95 ,1.00 ,,,,,,
1.00 ,13.00 ,2.00 ,4.00 ,1.00 ,1.00 ,9.00 ,20.00 ,28.00 ,9.00 ,9.00 ,1.00 ,0.00 ,0.00 ,1.00 ,0.00 ,0.00 ,21.00 ,0.00 ,1.00 ,10.48 ,-0.15 ,0.33 ,0.00 ,,,,,,
1.00 ,7.00 ,1.00 ,15.00 ,1.00 ,1.00 ,9.00 ,2.00 ,2.00 ,6.00 ,6.00 ,1.00 ,0.00 ,0.00 ,1.00 ,0.00 ,0.00 ,21.00 ,6.00 ,6.00 ,14.01 ,1.09 ,3.51 ,1.00 ,,,,,,
1.00 ,6.00 ,1.00 ,8.00 ,1.00 ,1.00 ,14.00 ,22.00 ,14.00 ,9.00 ,10.00 ,0.00 ,0.00 ,0.00 ,1.00 ,0.00 ,0.00 ,32.00 ,6.00 ,5.00 ,10.77 ,-0.36 ,-2.69 ,1.00 ,,,,,,
1.00 ,8.00 ,1.00 ,16.00 ,1.00 ,1.00 ,13.00 ,25.00 ,17.00 ,4.00 ,9.00 ,0.00 ,0.00 ,1.00 ,1.00 ,1.00 ,0.00 ,22.00 ,6.00 ,6.00 ,9.95 ,0.89 ,1.11 ,0.00 ,,,,,,
1.00 ,7.00 ,1.00 ,15.00 ,1.00 ,1.00 ,11.00 ,21.00 ,15.00 ,9.00 ,6.00 ,1.00 ,0.00 ,0.00 ,1.00 ,1.00 ,1.00 ,22.00 ,5.00 ,5.00 ,16.20 ,-0.80 ,-4.06 ,1.00 ,,,,,,
1.00 ,1.00 ,1.00 ,13.00 ,1.00 ,1.00 ,11.00 ,3.00 ,14.00 ,5.00 ,6.00 ,1.00 ,0.00 ,0.00 ,1.00 ,0.00 ,1.00 ,20.00 ,7.00 ,7.00 ,12.81 ,3.07 ,-1.45 ,1.00 ,,,,,,
1.00 ,12.00 ,1.00 ,16.00 ,1.00 ,1.00 ,9.00 ,1.00 ,2.00 ,11.00 ,6.00 ,0.00 ,0.00 ,1.00 ,0.00 ,0.00 ,0.00 ,22.00 ,7.00 ,5.00 ,15.03 ,0.40 ,0.53 ,0.00 ,,,,,,
1.00 ,3.00 ,2.00 ,13.00 ,1.00 ,1.00 ,8.00 ,3.00 ,2.00 ,4.00 ,11.00 ,1.00 ,0.00 ,1.00 ,0.00 ,0.00 ,0.00 ,21.00 ,5.00 ,5.00 ,10.51 ,0.20 ,2.01 ,0.00 ,,,,,,
1.00 ,5.00 ,1.00 ,8.00 ,1.00 ,1.00 ,12.00 ,14.00 ,4.00 ,2.00 ,4.00 ,1.00 ,0.00 ,0.00 ,1.00 ,1.00 ,0.00 ,19.00 ,6.00 ,7.00 ,12.02 ,1.36 ,2.70 ,1.00 ,,,,,,
1.00 ,11.00 ,1.00 ,16.00 ,1.00 ,1.00 ,13.00 ,23.00 ,2.00 ,6.00 ,10.00 ,0.00 ,0.00 ,0.00 ,1.00 ,0.00 ,0.00 ,21.00 ,6.00 ,5.00 ,12.78 ,2.25 ,-1.81 ,0.00 ,,,,,,
1.00 ,11.00 ,1.00 ,5.00 ,1.00 ,10.00 ,15.00 ,1.00 ,2.00 ,10.00 ,5.00 ,0.00 ,0.00 ,0.00 ,1.00 ,0.00 ,0.00 ,38.00 ,18.00 ,9.00 ,14.67 ,2.81 ,-0.89 ,1.00 ,,,,,,
1.00 ,7.00 ,1.00 ,17.00 ,1.00 ,1.00 ,17.00 ,20.00 ,26.00 ,10.00 ,10.00 ,0.00 ,0.00 ,1.00 ,1.00 ,0.00 ,0.00 ,21.00 ,6.00 ,9.00 ,10.30 ,0.00 ,1.69 ,0.00 ,,,,,,
1.00 ,4.00 ,1.00 ,1.00 ,1.00 ,1.00 ,15.00 ,12.00 ,2.00 ,10.00 ,9.00 ,0.00 ,0.00 ,0.00 ,1.00 ,0.00 ,0.00 ,20.00 ,6.00 ,7.00 ,16.13 ,0.58 ,1.53 ,1.00 ,,,,,,
1.00 ,8.00 ,1.00 ,15.00 ,1.00 ,1.00 ,10.00 ,23.00 ,28.00 ,1.00 ,7.00 ,1.00 ,0.00 ,0.00 ,1.00 ,1.00 ,0.00 ,20.00 ,5.00 ,5.00 ,9.55 ,0.97 ,-4.06 ,1.00 ,,,,,,
1.00 ,6.00 ,1.00 ,13.00 ,1.00 ,1.00 ,12.00 ,14.00 ,14.00 ,9.00 ,9.00 ,1.00 ,0.00 ,0.00 ,1.00 ,1.00 ,0.00 ,22.00 ,7.00 ,6.00 ,13.75 ,1.48 ,0.51 ,1.00 ,,,,,,
1.00 ,8.00 ,1.00 ,5.00 ,1.00 ,1.00 ,15.00 ,2.00 ,4.00 ,9.00 ,9.00 ,0.00 ,0.00 ,0.00 ,1.00 ,0.00 ,1.00 ,20.00 ,6.00 ,6.00 ,16.20 ,-0.42 ,0.31 ,1.00 ,,,,,,
1.00 ,7.00 ,1.00 ,9.00 ,1.00 ,1.00 ,9.00 ,22.00 ,28.00 ,1.00 ,3.00 ,0.00 ,0.00 ,0.00 ,1.00 ,1.00 ,0.00 ,37.00 ,0.00 ,6.00 ,12.42 ,-0.80 ,-4.06 ,1.00 ,,,,,,
1.00 ,3.00 ,3.00 ,9.00 ,1.00 ,1.00 ,16.00 ,2.00 ,2.00 ,4.00 ,5.00 ,1.00 ,0.00 ,0.00 ,1.00 ,1.00 ,0.00 ,18.00 ,1.00 ,1.00 ,10.52 ,3.03 ,-1.24 ,0.00 ,,,,,,
1.00 ,1.00 ,2.00 ,14.00 ,1.00 ,1.00 ,18.00 ,3.00 ,2.00 ,2.00 ,8.00 ,1.00 ,0.00 ,1.00 ,0.00 ,0.00 ,0.00 ,19.00 ,0.00 ,0.00 ,11.61 ,1.10 ,1.42 ,0.00 ,,,,,,
1.00 ,1.00 ,1.00 ,12.00 ,1.00 ,1.00 ,17.00 ,24.00 ,13.00 ,9.00 ,9.00 ,0.00 ,0.00 ,0.00 ,1.00 ,1.00 ,0.00 ,27.00 ,1.00 ,0.00 ,13.19 ,0.91 ,1.03 ,0.00 ,,,,,,
3.00 ,14.00 ,1.00 ,17.00 ,1.00 ,1.00 ,15.00 ,4.00 ,15.00 ,10.00 ,8.00 ,0.00 ,0.00 ,0.00 ,1.00 ,0.00 ,0.00 ,59.00 ,6.00 ,5.00 ,16.20 ,1.60 ,-1.80 ,1.00 ,,,,,,
1.00 ,1.00 ,1.00 ,10.00 ,1.00 ,1.00 ,15.00 ,23.00 ,2.00 ,10.00 ,8.00 ,0.00 ,0.00 ,0.00 ,1.00 ,0.00 ,0.00 ,18.00 ,6.00 ,5.00 ,9.74 ,1.64 ,2.97 ,1.00 ,,,,,,
1.00 ,9.00 ,2.00 ,16.00 ,1.00 ,1.00 ,8.00 ,13.00 ,24.00 ,4.00 ,10.00 ,1.00 ,0.00 ,0.00 ,1.00 ,1.00 ,0.00 ,19.00 ,6.00 ,1.00 ,7.60 ,0.23 ,0.84 ,1.00 ,,,,,,
1.00 ,17.00 ,1.00 ,8.00 ,1.00 ,1.00 ,17.00 ,21.00 ,3.00 ,8.00 ,9.00 ,1.00 ,0.00 ,0.00 ,0.00 ,0.00 ,0.00 ,25.00 ,18.00 ,10.00 ,12.86 ,-0.55 ,1.76 ,1.00 ,,,,,,
1.00 ,10.00 ,1.00 ,14.00 ,1.00 ,1.00 ,14.00 ,20.00 ,28.00 ,9.00 ,10.00 ,0.00 ,0.00 ,1.00 ,1.00 ,1.00 ,0.00 ,40.00 ,7.00 ,6.00 ,13.27 ,-0.80 ,-4.05 ,1.00 ,,,,,,
1.00 ,1.00 ,3.00 ,10.00 ,1.00 ,1.00 ,17.00 ,11.00 ,14.00 ,10.00 ,11.00 ,1.00 ,0.00 ,0.00 ,1.00 ,1.00 ,1.00 ,19.00 ,5.00 ,5.00 ,9.20 ,0.24 ,-4.06 ,1.00 ,,,,,,
1.00 ,6.00 ,2.00 ,3.00 ,1.00 ,1.00 ,16.00 ,1.00 ,3.00 ,9.00 ,9.00 ,1.00 ,0.00 ,0.00 ,0.00 ,0.00 ,0.00 ,29.00 ,18.00 ,9.00 ,15.89 ,0.79 ,-4.06 ,1.00 ,,,,,,
1.00 ,11.00 ,1.00 ,14.00 ,1.00 ,1.00 ,17.00 ,13.00 ,18.00 ,10.00 ,10.00 ,0.00 ,0.00 ,1.00 ,0.00 ,0.00 ,1.00 ,33.00 ,6.00 ,8.00 ,16.20 ,0.53 ,-0.15 ,1.00 ,,,,,,
1.00 ,1.00 ,3.00 ,7.00 ,1.00 ,1.00 ,8.00 ,21.00 ,27.00 ,10.00 ,6.00 ,1.00 ,0.00 ,0.00 ,1.00 ,0.00 ,0.00 ,18.00 ,0.00 ,1.00 ,10.86 ,0.79 ,-2.33 ,1.00 ,,,,,,
1.00 ,4.00 ,1.00 ,5.00 ,1.00 ,1.00 ,9.00 ,12.00 ,14.00 ,10.00 ,10.00 ,0.00 ,0.00 ,0.00 ,1.00 ,1.00 ,0.00 ,20.00 ,6.00 ,5.00 ,7.60 ,-0.51 ,1.03 ,1.00 ,,,,,,
1.00 ,2.00 ,3.00 ,11.00 ,1.00 ,1.00 ,14.00 ,2.00 ,3.00 ,3.00 ,6.00 ,1.00 ,0.00 ,0.00 ,0.00 ,0.00 ,1.00 ,18.00 ,6.00 ,1.00 ,14.51 ,1.79 ,2.01 ,0.00 ,,,,,,
1.00 ,6.00 ,1.00 ,13.00 ,1.00 ,1.00 ,17.00 ,22.00 ,3.00 ,10.00 ,6.00 ,0.00 ,0.00 ,1.00 ,1.00 ,0.00 ,0.00 ,22.00 ,5.00 ,4.00 ,11.00 ,0.49 ,1.99 ,0.00 ,,,,,,
1.00 ,14.00 ,1.00 ,14.00 ,1.00 ,1.00 ,15.00 ,21.00 ,3.00 ,9.00 ,10.00 ,0.00 ,0.00 ,0.00 ,0.00 ,0.00 ,0.00 ,31.00 ,13.00 ,8.00 ,15.40 ,-0.24 ,1.31 ,0.00 ,,,,,,
1.00 ,2.00 ,1.00 ,6.00 ,1.00 ,1.00 ,15.00 ,2.00 ,4.00 ,4.00 ,7.00 ,0.00 ,0.00 ,1.00 ,0.00 ,0.00 ,0.00 ,18.00 ,1.00 ,0.00 ,13.32 ,3.38 ,-1.65 ,0.00 ,,,,,,
1.00 ,15.00 ,1.00 ,7.00 ,1.00 ,14.00 ,15.00 ,2.00 ,3.00 ,3.00 ,5.00 ,0.00 ,0.00 ,1.00 ,0.00 ,0.00 ,0.00 ,22.00 ,3.00 ,0.00 ,13.92 ,3.23 ,1.84 ,0.00 ,,,,,,
1.00 ,7.00 ,1.00 ,15.00 ,1.00 ,1.00 ,16.00 ,15.00 ,4.00 ,3.00 ,6.00 ,0.00 ,0.00 ,1.00 ,0.00 ,0.00 ,0.00 ,19.00 ,0.00 ,0.00 ,11.12 ,0.56 ,1.54 ,0.00 ,,,,,,
1.00 ,1.00 ,1.00 ,17.00 ,1.00 ,1.00 ,15.00 ,21.00 ,28.00 ,9.00 ,9.00 ,1.00 ,0.00 ,0.00 ,1.00 ,0.00 ,0.00 ,20.00 ,7.00 ,5.00 ,10.75 ,2.08 ,-3.83 ,1.00 ,,,,,,
3.00 ,13.00 ,1.00 ,17.00 ,1.00 ,1.00 ,14.00 ,22.00 ,26.00 ,10.00 ,8.00 ,0.00 ,0.00 ,0.00 ,1.00 ,0.00 ,0.00 ,54.00 ,7.00 ,10.00 ,9.22 ,2.31 ,-1.16 ,1.00 ,,,,,,
3.00 ,12.00 ,1.00 ,17.00 ,1.00 ,1.00 ,19.00 ,23.00 ,26.00 ,10.00 ,11.00 ,0.00 ,0.00 ,0.00 ,1.00 ,0.00 ,0.00 ,30.00 ,6.00 ,11.00 ,9.66 ,1.49 ,-1.83 ,0.00 ,,,,,,
1.00 ,2.00 ,2.00 ,17.00 ,1.00 ,1.00 ,10.00 ,1.00 ,1.00 ,6.00 ,7.00 ,1.00 ,0.00 ,0.00 ,1.00 ,0.00 ,1.00 ,19.00 ,6.00 ,6.00 ,13.07 ,2.84 ,-1.80 ,1.00 ,,,,,,
1.00 ,14.00 ,1.00 ,4.00 ,1.00 ,12.00 ,11.00 ,3.00 ,3.00 ,10.00 ,10.00 ,0.00 ,0.00 ,1.00 ,0.00 ,0.00 ,0.00 ,21.00 ,2.00 ,0.00 ,13.42 ,2.29 ,0.57 ,0.00 ,,,,,,
1.00 ,1.00 ,3.00 ,15.00 ,1.00 ,1.00 ,10.00 ,1.00 ,26.00 ,3.00 ,5.00 ,1.00 ,0.00 ,0.00 ,1.00 ,0.00 ,1.00 ,18.00 ,7.00 ,6.00 ,14.75 ,0.62 ,-3.28 ,1.00 ,,,,,,
1.00 ,2.00 ,1.00 ,16.00 ,1.00 ,1.00 ,15.00 ,20.00 ,27.00 ,10.00 ,10.00 ,1.00 ,0.00 ,0.00 ,1.00 ,0.00 ,0.00 ,20.00 ,6.00 ,9.00 ,8.54 ,0.05 ,2.29 ,1.00 ,,,,,,
1.00 ,6.00 ,1.00 ,4.00 ,1.00 ,1.00 ,15.00 ,2.00 ,2.00 ,3.00 ,5.00 ,0.00 ,0.00 ,0.00 ,1.00 ,0.00 ,0.00 ,22.00 ,7.00 ,10.00 ,14.69 ,2.75 ,2.38 ,1.00 ,,,,,,
1.00 ,12.00 ,2.00 ,13.00 ,0.00 ,1.00 ,3.00 ,21.00 ,26.00 ,10.00 ,10.00 ,1.00 ,0.00 ,0.00 ,1.00 ,0.00 ,0.00 ,18.00 ,16.00 ,11.00 ,14.77 ,-0.03 ,-2.66 ,1.00 ,,,,,,
1.00 ,1.00 ,1.00 ,15.00 ,1.00 ,1.00 ,12.00 ,20.00 ,24.00 ,11.00 ,7.00 ,0.00 ,0.00 ,1.00 ,1.00 ,0.00 ,0.00 ,20.00 ,7.00 ,6.00 ,8.86 ,2.97 ,-1.39 ,0.00 ,,,,,,
1.00 ,2.00 ,2.00 ,16.00 ,1.00 ,1.00 ,6.00 ,19.00 ,2.00 ,14.00 ,6.00 ,1.00 ,0.00 ,0.00 ,1.00 ,0.00 ,1.00 ,18.00 ,7.00 ,6.00 ,8.44 ,0.50 ,-1.73 ,1.00 ,,,,,,
1.00 ,10.00 ,1.00 ,13.00 ,1.00 ,1.00 ,15.00 ,22.00 ,28.00 ,10.00 ,10.00 ,0.00 ,0.00 ,1.00 ,1.00 ,0.00 ,0.00 ,31.00 ,4.00 ,4.00 ,13.54 ,0.15 ,0.21 ,1.00 ,,,,,,
1.00 ,2.00 ,3.00 ,17.00 ,1.00 ,1.00 ,10.00 ,13.00 ,2.00 ,4.00 ,7.00 ,1.00 ,0.00 ,1.00 ,0.00 ,0.00 ,0.00 ,19.00 ,6.00 ,1.00 ,12.26 ,1.40 ,3.51 ,0.00 ,,,,,,
1.00 ,5.00 ,1.00 ,15.00 ,1.00 ,1.00 ,14.00 ,12.00 ,2.00 ,11.00 ,10.00 ,1.00 ,0.00 ,0.00 ,1.00 ,0.00 ,0.00 ,19.00 ,6.00 ,5.00 ,8.65 ,0.52 ,3.13 ,1.00 ,,,,,,
1.00 ,14.00 ,2.00 ,7.00 ,1.00 ,1.00 ,14.00 ,23.00 ,27.00 ,10.00 ,9.00 ,1.00 ,0.00 ,0.00 ,1.00 ,1.00 ,0.00 ,29.00 ,14.00 ,10.00 ,14.00 ,0.80 ,-1.95 ,1.00 ,,,,,,
1.00 ,1.00 ,2.00 ,15.00 ,1.00 ,1.00 ,18.00 ,1.00 ,3.00 ,1.00 ,10.00 ,1.00 ,0.00 ,1.00 ,0.00 ,0.00 ,0.00 ,18.00 ,1.00 ,0.00 ,16.20 ,0.87 ,-0.43 ,0.00 ,,,,,,
1.00 ,12.00 ,1.00 ,9.00 ,1.00 ,1.00 ,17.00 ,23.00 ,15.00 ,9.00 ,10.00 ,0.00 ,0.00 ,0.00 ,1.00 ,0.00 ,0.00 ,34.00 ,6.00 ,9.00 ,16.13 ,-0.39 ,1.32 ,1.00 ,,,,,,
1.00 ,1.00 ,1.00 ,13.00 ,1.00 ,1.00 ,12.00 ,2.00 ,4.00 ,10.00 ,9.00 ,0.00 ,0.00 ,0.00 ,1.00 ,0.00 ,1.00 ,21.00 ,6.00 ,6.00 ,16.20 ,1.37 ,0.77 ,1.00 ,,,,,,
1.00 ,5.00 ,1.00 ,4.00 ,1.00 ,1.00 ,14.00 ,22.00 ,14.00 ,10.00 ,9.00 ,1.00 ,0.00 ,0.00 ,1.00 ,1.00 ,0.00 ,19.00 ,5.00 ,6.00 ,10.21 ,-0.14 ,2.16 ,1.00 ,,,,,,
1.00 ,17.00 ,1.00 ,13.00 ,1.00 ,1.00 ,6.00 ,23.00 ,2.00 ,9.00 ,8.00 ,1.00 ,0.00 ,0.00 ,1.00 ,0.00 ,0.00 ,26.00 ,16.00 ,8.00 ,11.03 ,-0.33 ,3.51 ,1.00 ,,,,,,
1.00 ,6.00 ,1.00 ,10.00 ,1.00 ,1.00 ,15.00 ,4.00 ,4.00 ,1.00 ,9.00 ,1.00 ,0.00 ,0.00 ,0.00 ,0.00 ,0.00 ,19.00 ,6.00 ,6.00 ,11.84 ,0.93 ,2.22 ,0.00 ,,,,,,
1.00 ,1.00 ,3.00 ,14.00 ,1.00 ,1.00 ,18.00 ,12.00 ,28.00 ,10.00 ,10.00 ,1.00 ,0.00 ,0.00 ,1.00 ,1.00 ,0.00 ,18.00 ,5.00 ,5.00 ,9.68 ,0.88 ,1.60 ,1.00 ,,,,,,
1.00 ,1.00 ,1.00 ,17.00 ,1.00 ,1.00 ,19.00 ,9.00 ,2.00 ,10.00 ,11.00 ,0.00 ,0.00 ,1.00 ,0.00 ,0.00 ,0.00 ,20.00 ,5.00 ,3.00 ,12.81 ,1.00 ,2.13 ,0.00 ,,,,,,
1.00 ,13.00 ,3.00 ,7.00 ,1.00 ,1.00 ,15.00 ,2.00 ,2.00 ,11.00 ,4.00 ,0.00 ,0.00 ,0.00 ,1.00 ,0.00 ,0.00 ,21.00 ,6.00 ,5.00 ,13.39 ,2.51 ,-1.03 ,1.00 ,,,,,,
1.00 ,7.00 ,3.00 ,14.00 ,1.00 ,1.00 ,18.00 ,2.00 ,1.00 ,9.00 ,5.00 ,1.00 ,0.00 ,0.00 ,1.00 ,1.00 ,0.00 ,23.00 ,6.00 ,6.00 ,14.10 ,2.22 ,-1.65 ,1.00 ,,,,,,
1.00 ,2.00 ,3.00 ,17.00 ,1.00 ,1.00 ,17.00 ,2.00 ,1.00 ,11.00 ,10.00 ,1.00 ,0.00 ,1.00 ,0.00 ,0.00 ,1.00 ,19.00 ,3.00 ,0.00 ,9.93 ,1.38 ,2.83 ,0.00 ,,,,,,
1.00 ,13.00 ,1.00 ,7.00 ,0.00 ,1.00 ,15.00 ,21.00 ,26.00 ,10.00 ,13.00 ,1.00 ,0.00 ,0.00 ,1.00 ,0.00 ,0.00 ,33.00 ,12.00 ,5.00 ,11.88 ,-0.05 ,-2.52 ,1.00 ,,,,,,
1.00 ,15.00 ,1.00 ,10.00 ,1.00 ,14.00 ,4.00 ,4.00 ,4.00 ,3.00 ,7.00 ,1.00 ,0.00 ,0.00 ,0.00 ,0.00 ,0.00 ,21.00 ,0.00 ,0.00 ,13.10 ,0.46 ,-3.22 ,0.00 ,,,,,,
1.00 ,2.00 ,1.00 ,10.00 ,1.00 ,1.00 ,14.00 ,22.00 ,25.00 ,10.00 ,3.00 ,1.00 ,0.00 ,0.00 ,1.00 ,1.00 ,0.00 ,35.00 ,9.00 ,6.00 ,9.81 ,0.45 ,-3.93 ,1.00 ,,,,,,
1.00 ,7.00 ,1.00 ,8.00 ,1.00 ,14.00 ,13.00 ,1.00 ,3.00 ,3.00 ,6.00 ,0.00 ,0.00 ,1.00 ,0.00 ,0.00 ,0.00 ,20.00 ,3.00 ,0.00 ,14.54 ,2.43 ,-4.06 ,0.00 ,,,,,,
1.00 ,1.00 ,2.00 ,8.00 ,1.00 ,1.00 ,16.00 ,2.00 ,3.00 ,3.00 ,9.00 ,1.00 ,0.00 ,0.00 ,0.00 ,1.00 ,0.00 ,19.00 ,0.00 ,0.00 ,11.45 ,0.61 ,0.53 ,0.00 ,,,,,,
1.00 ,7.00 ,1.00 ,15.00 ,1.00 ,1.00 ,12.00 ,22.00 ,14.00 ,4.00 ,7.00 ,1.00 ,0.00 ,0.00 ,1.00 ,1.00 ,0.00 ,22.00 ,6.00 ,5.00 ,8.75 ,-0.61 ,-2.50 ,1.00 ,,,,,,
1.00 ,1.00 ,1.00 ,17.00 ,1.00 ,1.00 ,6.00 ,21.00 ,27.00 ,5.00 ,8.00 ,0.00 ,0.00 ,1.00 ,1.00 ,0.00 ,1.00 ,19.00 ,6.00 ,6.00 ,10.63 ,1.76 ,-0.48 ,1.00 ,,,,,,
1.00 ,6.00 ,1.00 ,11.00 ,1.00 ,1.00 ,16.00 ,24.00 ,15.00 ,10.00 ,5.00 ,0.00 ,0.00 ,0.00 ,1.00 ,0.00 ,0.00 ,22.00 ,6.00 ,5.00 ,12.41 ,-0.19 ,1.49 ,1.00 ,,,,,,
1.00 ,4.00 ,3.00 ,13.00 ,1.00 ,1.00 ,12.00 ,2.00 ,1.00 ,6.00 ,10.00 ,0.00 ,0.00 ,1.00 ,1.00 ,1.00 ,1.00 ,18.00 ,3.00 ,0.00 ,9.66 ,3.70 ,1.42 ,0.00 ,,,,,,
1.00 ,2.00 ,1.00 ,17.00 ,1.00 ,1.00 ,7.00 ,19.00 ,1.00 ,11.00 ,7.00 ,0.00 ,0.00 ,0.00 ,1.00 ,0.00 ,1.00 ,22.00 ,6.00 ,6.00 ,9.32 ,0.57 ,-1.19 ,1.00 ,,,,,,
1.00 ,6.00 ,1.00 ,7.00 ,1.00 ,1.00 ,16.00 ,3.00 ,2.00 ,9.00 ,5.00 ,0.00 ,0.00 ,1.00 ,0.00 ,0.00 ,0.00 ,22.00 ,18.00 ,5.00 ,16.13 ,0.77 ,1.54 ,1.00 ,,,,,,
1.00 ,6.00 ,1.00 ,16.00 ,1.00 ,1.00 ,13.00 ,23.00 ,3.00 ,9.00 ,9.00 ,0.00 ,0.00 ,1.00 ,1.00 ,1.00 ,0.00 ,21.00 ,1.00 ,1.00 ,9.09 ,0.10 ,0.75 ,0.00 ,,,,,,
1.00 ,6.00 ,2.00 ,1.00 ,1.00 ,1.00 ,14.00 ,2.00 ,3.00 ,9.00 ,8.00 ,1.00 ,0.00 ,0.00 ,1.00 ,1.00 ,0.00 ,18.00 ,12.00 ,0.00 ,16.20 ,0.17 ,0.53 ,1.00 ,,,,,,
1.00 ,3.00 ,3.00 ,16.00 ,1.00 ,1.00 ,12.00 ,22.00 ,28.00 ,3.00 ,5.00 ,1.00 ,0.00 ,0.00 ,1.00 ,1.00 ,0.00 ,19.00 ,6.00 ,2.00 ,9.34 ,-0.16 ,2.60 ,1.00 ,,,,,,
1.00 ,3.00 ,1.00 ,8.00 ,1.00 ,1.00 ,13.00 ,3.00 ,2.00 ,4.00 ,8.00 ,1.00 ,0.00 ,0.00 ,1.00 ,1.00 ,0.00 ,19.00 ,1.00 ,1.00 ,10.79 ,1.05 ,2.40 ,0.00 ,,,,,,
1.00 ,7.00 ,1.00 ,8.00 ,1.00 ,1.00 ,18.00 ,3.00 ,4.00 ,1.00 ,4.00 ,1.00 ,0.00 ,1.00 ,0.00 ,0.00 ,0.00 ,20.00 ,1.00 ,0.00 ,16.04 ,0.99 ,1.09 ,0.00 ,,,,,,
1.00 ,3.00 ,2.00 ,13.00 ,1.00 ,1.00 ,16.00 ,2.00 ,4.00 ,2.00 ,3.00 ,1.00 ,0.00 ,1.00 ,0.00 ,0.00 ,0.00 ,19.00 ,0.00 ,0.00 ,12.49 ,0.10 ,0.21 ,0.00 ,,,,,,
1.00 ,7.00 ,3.00 ,13.00 ,1.00 ,1.00 ,12.00 ,12.00 ,12.00 ,10.00 ,6.00 ,1.00 ,0.00 ,0.00 ,1.00 ,1.00 ,0.00 ,21.00 ,6.00 ,5.00 ,10.31 ,-0.80 ,2.14 ,1.00 ,,,,,,
1.00 ,13.00 ,1.00 ,15.00 ,1.00 ,1.00 ,14.00 ,22.00 ,3.00 ,10.00 ,10.00 ,0.00 ,0.00 ,0.00 ,1.00 ,0.00 ,0.00 ,26.00 ,1.00 ,1.00 ,13.00 ,1.74 ,-3.18 ,0.00 ,,,,,,
1.00 ,1.00 ,1.00 ,11.00 ,1.00 ,1.00 ,16.00 ,3.00 ,2.00 ,9.00 ,6.00 ,0.00 ,0.00 ,1.00 ,1.00 ,0.00 ,0.00 ,22.00 ,6.00 ,5.00 ,16.20 ,1.08 ,1.58 ,1.00 ,,,,,,
1.00 ,2.00 ,2.00 ,7.00 ,1.00 ,1.00 ,12.00 ,3.00 ,2.00 ,4.00 ,4.00 ,1.00 ,0.00 ,0.00 ,1.00 ,0.00 ,0.00 ,18.00 ,5.00 ,2.00 ,14.35 ,3.07 ,-0.66 ,1.00 ,,,,,,
1.00 ,5.00 ,1.00 ,6.00 ,1.00 ,1.00 ,14.00 ,2.00 ,1.00 ,5.00 ,4.00 ,1.00 ,0.00 ,0.00 ,1.00 ,1.00 ,0.00 ,22.00 ,5.00 ,6.00 ,12.52 ,0.05 ,2.33 ,1.00 ,,,,,,
1.00 ,2.00 ,2.00 ,13.00 ,1.00 ,1.00 ,17.00 ,2.00 ,3.00 ,5.00 ,9.00 ,0.00 ,0.00 ,0.00 ,1.00 ,0.00 ,1.00 ,19.00 ,2.00 ,6.00 ,11.86 ,3.70 ,3.51 ,1.00 ,,,,,,
1.00 ,1.00 ,1.00 ,16.00 ,1.00 ,1.00 ,14.00 ,2.00 ,5.00 ,5.00 ,10.00 ,0.00 ,0.00 ,1.00 ,0.00 ,0.00 ,0.00 ,18.00 ,1.00 ,0.00 ,12.26 ,2.00 ,0.63 ,0.00 ,,,,,,
1.00 ,7.00 ,2.00 ,14.00 ,1.00 ,1.00 ,8.00 ,18.00 ,26.00 ,9.00 ,9.00 ,1.00 ,0.00 ,0.00 ,1.00 ,1.00 ,0.00 ,20.00 ,6.00 ,9.00 ,11.86 ,-0.80 ,-2.60 ,1.00 ,,,,,,
1.00 ,7.00 ,1.00 ,9.00 ,1.00 ,1.00 ,15.00 ,24.00 ,2.00 ,10.00 ,9.00 ,0.00 ,0.00 ,0.00 ,1.00 ,1.00 ,0.00 ,22.00 ,6.00 ,8.00 ,13.50 ,0.09 ,3.21 ,1.00 ,,,,,,
1.00 ,7.00 ,1.00 ,10.00 ,1.00 ,1.00 ,11.00 ,22.00 ,4.00 ,3.00 ,9.00 ,0.00 ,0.00 ,0.00 ,1.00 ,1.00 ,0.00 ,28.00 ,0.00 ,0.00 ,12.03 ,0.36 ,-0.39 ,0.00 ,,,,,,
1.00 ,7.00 ,1.00 ,11.00 ,1.00 ,1.00 ,11.00 ,2.00 ,2.00 ,3.00 ,4.00 ,1.00 ,0.00 ,0.00 ,1.00 ,0.00 ,0.00 ,18.00 ,0.00 ,0.00 ,11.07 ,3.70 ,-1.23 ,0.00 ,,,,,,
1.00 ,14.00 ,1.00 ,6.00 ,1.00 ,1.00 ,11.00 ,2.00 ,4.00 ,10.00 ,11.00 ,0.00 ,0.00 ,1.00 ,0.00 ,0.00 ,0.00 ,24.00 ,1.00 ,0.00 ,13.70 ,-0.41 ,-4.06 ,0.00 ,,,,,,
1.00 ,14.00 ,1.00 ,14.00 ,1.00 ,1.00 ,15.00 ,23.00 ,28.00 ,9.00 ,6.00 ,1.00 ,0.00 ,1.00 ,1.00 ,0.00 ,0.00 ,33.00 ,5.00 ,2.00 ,11.67 ,-0.80 ,-4.06 ,0.00 ,,,,,,
1.00 ,6.00 ,1.00 ,2.00 ,1.00 ,1.00 ,13.00 ,22.00 ,27.00 ,9.00 ,9.00 ,1.00 ,0.00 ,1.00 ,0.00 ,1.00 ,0.00 ,23.00 ,5.00 ,0.00 ,11.46 ,0.34 ,0.28 ,1.00 ,,,,,,
1.00 ,1.00 ,1.00 ,11.00 ,1.00 ,1.00 ,14.00 ,21.00 ,26.00 ,9.00 ,10.00 ,0.00 ,0.00 ,0.00 ,1.00 ,1.00 ,1.00 ,22.00 ,6.00 ,6.00 ,10.47 ,-0.74 ,-4.06 ,1.00 ,,,,,,
1.00 ,12.00 ,1.00 ,14.00 ,1.00 ,1.00 ,14.00 ,1.00 ,2.00 ,4.00 ,7.00 ,0.00 ,0.00 ,1.00 ,0.00 ,0.00 ,0.00 ,21.00 ,1.00 ,0.00 ,10.04 ,0.23 ,1.70 ,0.00 ,,,,,,
1.00 ,2.00 ,4.00 ,17.00 ,1.00 ,1.00 ,19.00 ,12.00 ,15.00 ,6.00 ,10.00 ,1.00 ,0.00 ,0.00 ,1.00 ,0.00 ,0.00 ,18.00 ,6.00 ,1.00 ,8.64 ,1.53 ,3.51 ,1.00 ,,,,,,
1.00 ,12.00 ,1.00 ,3.00 ,1.00 ,11.00 ,7.00 ,1.00 ,1.00 ,10.00 ,5.00 ,1.00 ,0.00 ,0.00 ,1.00 ,0.00 ,1.00 ,20.00 ,18.00 ,8.00 ,12.69 ,3.08 ,-2.67 ,1.00 ,,,,,,
1.00 ,1.00 ,2.00 ,13.00 ,1.00 ,1.00 ,4.00 ,2.00 ,13.00 ,5.00 ,6.00 ,1.00 ,0.00 ,0.00 ,1.00 ,0.00 ,1.00 ,18.00 ,6.00 ,7.00 ,12.86 ,2.66 ,-0.65 ,1.00 ,,,,,,
1.00 ,1.00 ,1.00 ,8.00 ,1.00 ,1.00 ,15.00 ,2.00 ,2.00 ,10.00 ,9.00 ,1.00 ,0.00 ,0.00 ,0.00 ,0.00 ,1.00 ,19.00 ,7.00 ,6.00 ,13.79 ,1.71 ,3.51 ,1.00 ,,,,,,
1.00 ,5.00 ,1.00 ,12.00 ,1.00 ,1.00 ,7.00 ,12.00 ,14.00 ,7.00 ,5.00 ,0.00 ,0.00 ,0.00 ,1.00 ,0.00 ,0.00 ,22.00 ,6.00 ,6.00 ,12.80 ,-0.04 ,1.79 ,1.00 ,,,,,,
1.00 ,1.00 ,3.00 ,17.00 ,1.00 ,1.00 ,9.00 ,1.00 ,2.00 ,9.00 ,6.00 ,1.00 ,0.00 ,1.00 ,0.00 ,0.00 ,0.00 ,18.00 ,6.00 ,0.00 ,10.71 ,1.16 ,-0.69 ,0.00 ,,,,,,
1.00 ,1.00 ,1.00 ,9.00 ,1.00 ,1.00 ,15.00 ,1.00 ,3.00 ,9.00 ,10.00 ,0.00 ,0.00 ,1.00 ,0.00 ,0.00 ,0.00 ,20.00 ,0.00 ,0.00 ,15.58 ,1.10 ,-0.13 ,0.00 ,,,,,,
1.00 ,12.00 ,1.00 ,4.00 ,1.00 ,1.00 ,11.00 ,19.00 ,28.00 ,9.00 ,10.00 ,1.00 ,0.00 ,1.00 ,0.00 ,1.00 ,0.00 ,31.00 ,0.00 ,0.00 ,12.04 ,-0.80 ,-1.48 ,0.00 ,,,,,,
1.00 ,1.00 ,3.00 ,15.00 ,1.00 ,1.00 ,14.00 ,12.00 ,16.00 ,4.00 ,10.00 ,1.00 ,0.00 ,0.00 ,1.00 ,0.00 ,1.00 ,19.00 ,6.00 ,6.00 ,14.88 ,1.24 ,1.25 ,1.00 ,,,,,,
1.00 ,14.00 ,1.00 ,15.00 ,1.00 ,1.00 ,15.00 ,22.00 ,27.00 ,9.00 ,7.00 ,0.00 ,0.00 ,0.00 ,1.00 ,0.00 ,0.00 ,33.00 ,6.00 ,5.00 ,12.54 ,-0.20 ,0.51 ,1.00 ,,,,,,
1.00 ,6.00 ,1.00 ,12.00 ,1.00 ,1.00 ,12.00 ,22.00 ,2.00 ,11.00 ,10.00 ,0.00 ,0.00 ,0.00 ,1.00 ,0.00 ,0.00 ,25.00 ,6.00 ,5.00 ,11.80 ,3.33 ,-2.36 ,1.00 ,,,,,,
1.00 ,7.00 ,2.00 ,16.00 ,1.00 ,1.00 ,16.00 ,2.00 ,2.00 ,9.00 ,5.00 ,1.00 ,0.00 ,1.00 ,0.00 ,0.00 ,0.00 ,21.00 ,0.00 ,0.00 ,11.66 ,0.21 ,1.61 ,0.00 ,,,,,,
1.00 ,6.00 ,3.00 ,15.00 ,1.00 ,1.00 ,14.00 ,14.00 ,2.00 ,9.00 ,10.00 ,1.00 ,0.00 ,1.00 ,0.00 ,0.00 ,0.00 ,20.00 ,6.00 ,5.00 ,10.86 ,0.80 ,2.72 ,0.00 ,,,,,,
1.00 ,2.00 ,1.00 ,15.00 ,1.00 ,1.00 ,6.00 ,24.00 ,2.00 ,10.00 ,10.00 ,1.00 ,0.00 ,1.00 ,0.00 ,1.00 ,0.00 ,21.00 ,6.00 ,5.00 ,9.75 ,0.18 ,1.80 ,0.00 ,,,,,,
1.00 ,14.00 ,1.00 ,17.00 ,1.00 ,1.00 ,12.00 ,24.00 ,28.00 ,9.00 ,10.00 ,0.00 ,0.00 ,1.00 ,1.00 ,0.00 ,0.00 ,34.00 ,6.00 ,5.00 ,9.77 ,0.22 ,2.10 ,1.00 ,,,,,,
1.00 ,8.00 ,1.00 ,11.00 ,1.00 ,1.00 ,14.00 ,22.00 ,14.00 ,9.00 ,10.00 ,0.00 ,0.00 ,0.00 ,1.00 ,0.00 ,0.00 ,22.00 ,1.00 ,5.00 ,9.89 ,-0.19 ,0.93 ,1.00 ,,,,,,
1.00 ,1.00 ,1.00 ,9.00 ,1.00 ,1.00 ,15.00 ,2.00 ,3.00 ,10.00 ,10.00 ,1.00 ,0.00 ,0.00 ,1.00 ,0.00 ,0.00 ,18.00 ,6.00 ,1.00 ,11.80 ,1.05 ,1.89 ,1.00 ,,,,,,
1.00 ,11.00 ,1.00 ,7.00 ,1.00 ,13.00 ,15.00 ,1.00 ,4.00 ,10.00 ,7.00 ,0.00 ,0.00 ,0.00 ,1.00 ,0.00 ,1.00 ,31.00 ,7.00 ,5.00 ,16.20 ,1.72 ,-4.06 ,1.00 ,,,,,,
1.00 ,12.00 ,1.00 ,8.00 ,1.00 ,1.00 ,12.00 ,18.00 ,26.00 ,10.00 ,7.00 ,0.00 ,0.00 ,0.00 ,1.00 ,1.00 ,0.00 ,30.00 ,2.00 ,0.00 ,12.17 ,2.42 ,-4.06 ,0.00 ,,,,,,
1.00 ,12.00 ,1.00 ,9.00 ,1.00 ,1.00 ,8.00 ,22.00 ,3.00 ,5.00 ,7.00 ,0.00 ,0.00 ,0.00 ,1.00 ,0.00 ,0.00 ,23.00 ,3.00 ,4.00 ,10.66 ,1.85 ,-3.78 ,1.00 ,,,,,,
1.00 ,14.00 ,1.00 ,14.00 ,1.00 ,1.00 ,6.00 ,2.00 ,2.00 ,6.00 ,6.00 ,0.00 ,0.00 ,1.00 ,0.00 ,0.00 ,0.00 ,19.00 ,1.00 ,0.00 ,8.59 ,3.25 ,2.63 ,0.00 ,,,,,,
1.00 ,13.00 ,1.00 ,2.00 ,1.00 ,13.00 ,12.00 ,2.00 ,3.00 ,9.00 ,5.00 ,1.00 ,0.00 ,1.00 ,0.00 ,0.00 ,1.00 ,23.00 ,7.00 ,7.00 ,12.70 ,3.08 ,1.41 ,1.00 ,,,,,,
1.00 ,16.00 ,2.00 ,4.00 ,1.00 ,1.00 ,14.00 ,1.00 ,3.00 ,10.00 ,9.00 ,1.00 ,0.00 ,0.00 ,1.00 ,0.00 ,0.00 ,26.00 ,18.00 ,12.00 ,13.84 ,3.26 ,-1.29 ,1.00 ,,,,,,
1.00 ,1.00 ,1.00 ,4.00 ,1.00 ,1.00 ,16.00 ,9.00 ,2.00 ,3.00 ,5.00 ,1.00 ,0.00 ,0.00 ,1.00 ,1.00 ,0.00 ,23.00 ,0.00 ,0.00 ,12.30 ,0.55 ,-3.68 ,0.00 ,,,,,,
1.00 ,15.00 ,1.00 ,6.00 ,1.00 ,1.00 ,16.00 ,2.00 ,2.00 ,9.00 ,6.00 ,0.00 ,0.00 ,0.00 ,1.00 ,0.00 ,0.00 ,25.00 ,1.00 ,0.00 ,13.72 ,-0.80 ,-3.16 ,0.00 ,,,,,,
1.00 ,5.00 ,1.00 ,10.00 ,1.00 ,1.00 ,13.00 ,21.00 ,15.00 ,9.00 ,10.00 ,0.00 ,0.00 ,0.00 ,1.00 ,0.00 ,0.00 ,23.00 ,6.00 ,5.00 ,14.21 ,-0.32 ,0.80 ,1.00 ,,,,,,
1.00 ,7.00 ,1.00 ,14.00 ,1.00 ,1.00 ,11.00 ,26.00 ,28.00 ,9.00 ,10.00 ,0.00 ,0.00 ,1.00 ,1.00 ,1.00 ,0.00 ,23.00 ,7.00 ,6.00 ,8.21 ,0.51 ,0.15 ,1.00 ,,,,,,
1.00 ,5.00 ,1.00 ,9.00 ,1.00 ,1.00 ,8.00 ,3.00 ,11.00 ,4.00 ,9.00 ,0.00 ,0.00 ,0.00 ,1.00 ,1.00 ,0.00 ,24.00 ,7.00 ,6.00 ,11.74 ,1.56 ,2.76 ,1.00 ,,,,,,
1.00 ,2.00 ,2.00 ,5.00 ,1.00 ,1.00 ,16.00 ,21.00 ,27.00 ,9.00 ,6.00 ,1.00 ,0.00 ,0.00 ,0.00 ,1.00 ,0.00 ,32.00 ,0.00 ,0.00 ,11.32 ,-0.17 ,-4.06 ,0.00 ,,,,,,
1.00 ,2.00 ,1.00 ,15.00 ,1.00 ,1.00 ,10.00 ,1.00 ,2.00 ,4.00 ,6.00 ,1.00 ,0.00 ,1.00 ,0.00 ,0.00 ,1.00 ,20.00 ,6.00 ,4.00 ,10.75 ,0.41 ,3.20 ,0.00 ,,,,,,
1.00 ,6.00 ,1.00 ,9.00 ,1.00 ,1.00 ,14.00 ,1.00 ,1.00 ,10.00 ,7.00 ,0.00 ,0.00 ,0.00 ,1.00 ,1.00 ,0.00 ,20.00 ,1.00 ,0.00 ,8.86 ,2.73 ,-2.89 ,0.00 ,,,,,,
1.00 ,13.00 ,1.00 ,13.00 ,1.00 ,1.00 ,12.00 ,6.00 ,2.00 ,11.00 ,8.00 ,0.00 ,0.00 ,1.00 ,0.00 ,1.00 ,0.00 ,30.00 ,3.00 ,0.00 ,8.17 ,3.61 ,-2.35 ,0.00 ,,,,,,
1.00 ,2.00 ,3.00 ,17.00 ,1.00 ,1.00 ,9.00 ,1.00 ,1.00 ,4.00 ,8.00 ,1.00 ,0.00 ,0.00 ,1.00 ,0.00 ,1.00 ,18.00 ,7.00 ,5.00 ,11.87 ,3.01 ,-0.68 ,1.00 ,,,,,,
1.00 ,6.00 ,1.00 ,17.00 ,1.00 ,1.00 ,4.00 ,21.00 ,27.00 ,10.00 ,5.00 ,0.00 ,0.00 ,0.00 ,1.00 ,0.00 ,0.00 ,24.00 ,7.00 ,6.00 ,9.81 ,0.10 ,-2.68 ,1.00 ,,,,,,
1.00 ,5.00 ,3.00 ,17.00 ,1.00 ,1.00 ,12.00 ,10.00 ,1.00 ,10.00 ,11.00 ,0.00 ,0.00 ,1.00 ,1.00 ,0.00 ,0.00 ,21.00 ,7.00 ,6.00 ,10.25 ,0.85 ,2.94 ,1.00 ,,,,,,
1.00 ,1.00 ,1.00 ,13.00 ,1.00 ,1.00 ,10.00 ,1.00 ,1.00 ,10.00 ,7.00 ,1.00 ,0.00 ,0.00 ,1.00 ,1.00 ,1.00 ,20.00 ,6.00 ,4.00 ,9.75 ,1.70 ,-1.17 ,1.00 ,,,,,,
1.00 ,8.00 ,2.00 ,5.00 ,1.00 ,1.00 ,20.00 ,2.00 ,2.00 ,8.00 ,2.00 ,1.00 ,0.00 ,0.00 ,1.00 ,1.00 ,0.00 ,22.00 ,10.00 ,1.00 ,16.20 ,0.22 ,-2.43 ,1.00 ,,,,,,
1.00 ,6.00 ,1.00 ,14.00 ,1.00 ,1.00 ,9.00 ,12.00 ,14.00 ,10.00 ,7.00 ,1.00 ,0.00 ,0.00 ,1.00 ,1.00 ,0.00 ,21.00 ,6.00 ,6.00 ,11.53 ,-0.27 ,1.55 ,1.00 ,,,,,,
1.00 ,2.00 ,1.00 ,15.00 ,1.00 ,1.00 ,8.00 ,1.00 ,1.00 ,6.00 ,7.00 ,0.00 ,0.00 ,1.00 ,1.00 ,0.00 ,1.00 ,18.00 ,7.00 ,6.00 ,10.02 ,1.40 ,3.29 ,1.00 ,,,,,,
1.00 ,8.00 ,1.00 ,16.00 ,1.00 ,1.00 ,16.00 ,4.00 ,2.00 ,3.00 ,5.00 ,1.00 ,0.00 ,0.00 ,1.00 ,0.00 ,0.00 ,21.00 ,6.00 ,2.00 ,16.20 ,3.70 ,3.51 ,1.00 ,,,,,,
1.00 ,4.00 ,2.00 ,10.00 ,1.00 ,1.00 ,14.00 ,14.00 ,13.00 ,10.00 ,9.00 ,1.00 ,0.00 ,0.00 ,0.00 ,0.00 ,0.00 ,20.00 ,5.00 ,4.00 ,10.79 ,0.47 ,2.42 ,1.00 ,,,,,,
1.00 ,7.00 ,1.00 ,6.00 ,1.00 ,1.00 ,14.00 ,2.00 ,3.00 ,3.00 ,2.00 ,1.00 ,0.00 ,0.00 ,1.00 ,1.00 ,0.00 ,18.00 ,18.00 ,6.00 ,13.38 ,1.03 ,3.30 ,1.00 ,,,,,,
3.00 ,15.00 ,1.00 ,15.00 ,1.00 ,1.00 ,17.00 ,22.00 ,26.00 ,10.00 ,10.00 ,0.00 ,0.00 ,0.00 ,1.00 ,0.00 ,0.00 ,45.00 ,6.00 ,5.00 ,10.45 ,-0.52 ,-2.81 ,0.00 ,,,,,,
1.00 ,13.00 ,1.00 ,14.00 ,0.00 ,1.00 ,16.00 ,19.00 ,28.00 ,9.00 ,10.00 ,1.00 ,0.00 ,0.00 ,1.00 ,0.00 ,0.00 ,26.00 ,2.00 ,2.00 ,16.20 ,0.63 ,-4.06 ,0.00 ,,,,,,
1.00 ,1.00 ,1.00 ,13.00 ,1.00 ,1.00 ,14.00 ,21.00 ,28.00 ,9.00 ,10.00 ,1.00 ,0.00 ,1.00 ,0.00 ,0.00 ,0.00 ,19.00 ,0.00 ,0.00 ,13.37 ,0.08 ,-1.11 ,0.00 ,,,,,,
1.00 ,14.00 ,1.00 ,10.00 ,1.00 ,13.00 ,4.00 ,3.00 ,2.00 ,3.00 ,5.00 ,0.00 ,0.00 ,1.00 ,0.00 ,0.00 ,0.00 ,38.00 ,7.00 ,8.00 ,12.54 ,2.48 ,-2.90 ,1.00 ,,,,,,
1.00 ,2.00 ,1.00 ,16.00 ,1.00 ,1.00 ,15.00 ,22.00 ,28.00 ,9.00 ,11.00 ,1.00 ,0.00 ,1.00 ,1.00 ,0.00 ,0.00 ,31.00 ,0.00 ,1.00 ,9.24 ,2.38 ,0.25 ,0.00 ,,,,,,
1.00 ,6.00 ,1.00 ,8.00 ,1.00 ,1.00 ,15.00 ,11.00 ,2.00 ,10.00 ,10.00 ,1.00 ,0.00 ,0.00 ,1.00 ,0.00 ,0.00 ,19.00 ,6.00 ,6.00 ,14.13 ,2.12 ,-3.62 ,1.00 ,,,,,,
1.00 ,12.00 ,1.00 ,8.00 ,1.00 ,1.00 ,10.00 ,2.00 ,27.00 ,6.00 ,6.00 ,0.00 ,0.00 ,1.00 ,0.00 ,1.00 ,0.00 ,20.00 ,2.00 ,5.00 ,9.05 ,0.56 ,2.10 ,1.00 ,,,,,,
1.00 ,1.00 ,2.00 ,17.00 ,1.00 ,1.00 ,5.00 ,20.00 ,25.00 ,10.00 ,8.00 ,1.00 ,0.00 ,0.00 ,1.00 ,0.00 ,1.00 ,20.00 ,7.00 ,5.00 ,10.58 ,2.31 ,-3.04 ,1.00 ,,,,,,
1.00 ,7.00 ,1.00 ,4.00 ,1.00 ,1.00 ,15.00 ,10.00 ,27.00 ,10.00 ,10.00 ,0.00 ,0.00 ,0.00 ,1.00 ,1.00 ,0.00 ,31.00 ,0.00 ,0.00 ,11.23 ,-0.58 ,-3.56 ,0.00 ,,,,,,
1.00 ,11.00 ,1.00 ,6.00 ,1.00 ,14.00 ,16.00 ,3.00 ,3.00 ,4.00 ,8.00 ,0.00 ,0.00 ,1.00 ,1.00 ,0.00 ,1.00 ,20.00 ,6.00 ,6.00 ,15.65 ,1.77 ,1.58 ,1.00 ,,,,,,
1.00 ,16.00 ,1.00 ,13.00 ,1.00 ,14.00 ,15.00 ,2.00 ,3.00 ,9.00 ,6.00 ,0.00 ,0.00 ,0.00 ,0.00 ,0.00 ,0.00 ,21.00 ,8.00 ,8.00 ,12.67 ,2.64 ,-3.36 ,1.00 ,,,,,,
1.00 ,1.00 ,3.00 ,14.00 ,1.00 ,1.00 ,17.00 ,20.00 ,25.00 ,10.00 ,8.00 ,1.00 ,0.00 ,1.00 ,1.00 ,0.00 ,1.00 ,19.00 ,6.00 ,5.00 ,11.07 ,0.97 ,1.69 ,1.00 ,,,,,,
1.00 ,13.00 ,1.00 ,9.00 ,1.00 ,1.00 ,14.00 ,23.00 ,26.00 ,10.00 ,9.00 ,0.00 ,0.00 ,0.00 ,1.00 ,1.00 ,0.00 ,34.00 ,2.00 ,1.00 ,8.75 ,2.11 ,-2.55 ,0.00 ,,,,,,
1.00 ,15.00 ,1.00 ,17.00 ,1.00 ,1.00 ,14.00 ,24.00 ,3.00 ,10.00 ,6.00 ,0.00 ,0.00 ,1.00 ,1.00 ,0.00 ,0.00 ,59.00 ,6.00 ,4.00 ,9.80 ,-0.08 ,-1.01 ,1.00 ,,,,,,
2.00 ,13.00 ,1.00 ,11.00 ,1.00 ,1.00 ,16.00 ,22.00 ,28.00 ,10.00 ,10.00 ,1.00 ,0.00 ,0.00 ,1.00 ,0.00 ,0.00 ,27.00 ,3.00 ,2.00 ,13.96 ,2.14 ,0.16 ,1.00 ,,,,,,
1.00 ,5.00 ,1.00 ,10.00 ,1.00 ,1.00 ,10.00 ,1.00 ,2.00 ,4.00 ,6.00 ,1.00 ,0.00 ,0.00 ,1.00 ,1.00 ,0.00 ,19.00 ,6.00 ,6.00 ,13.75 ,3.04 ,1.29 ,1.00 ,,,,,,
2.00 ,12.00 ,1.00 ,11.00 ,1.00 ,1.00 ,15.00 ,3.00 ,14.00 ,10.00 ,8.00 ,0.00 ,0.00 ,0.00 ,1.00 ,0.00 ,0.00 ,30.00 ,6.00 ,6.00 ,14.41 ,2.39 ,-2.58 ,1.00 ,,,,,,
1.00 ,6.00 ,1.00 ,5.00 ,1.00 ,1.00 ,10.00 ,2.00 ,2.00 ,3.00 ,4.00 ,0.00 ,0.00 ,0.00 ,1.00 ,1.00 ,0.00 ,21.00 ,6.00 ,6.00 ,13.32 ,-0.28 ,0.40 ,1.00 ,,,,,,
1.00 ,3.00 ,3.00 ,13.00 ,1.00 ,1.00 ,13.00 ,2.00 ,3.00 ,3.00 ,5.00 ,1.00 ,0.00 ,0.00 ,1.00 ,0.00 ,0.00 ,20.00 ,7.00 ,6.00 ,13.35 ,3.26 ,-3.01 ,1.00 ,,,,,,
1.00 ,6.00 ,1.00 ,14.00 ,1.00 ,1.00 ,14.00 ,24.00 ,1.00 ,10.00 ,10.00 ,0.00 ,0.00 ,0.00 ,1.00 ,0.00 ,0.00 ,21.00 ,6.00 ,6.00 ,8.78 ,0.60 ,3.39 ,1.00 ,,,,,,
1.00 ,11.00 ,2.00 ,16.00 ,1.00 ,1.00 ,18.00 ,22.00 ,27.00 ,9.00 ,11.00 ,1.00 ,0.00 ,0.00 ,1.00 ,0.00 ,0.00 ,19.00 ,1.00 ,1.00 ,15.77 ,-0.60 ,0.45 ,0.00 ,,,,,,
1.00 ,6.00 ,1.00 ,7.00 ,1.00 ,1.00 ,13.00 ,13.00 ,12.00 ,5.00 ,9.00 ,1.00 ,0.00 ,0.00 ,1.00 ,0.00 ,0.00 ,18.00 ,5.00 ,6.00 ,9.06 ,0.81 ,3.51 ,1.00 ,,,,,,
1.00 ,7.00 ,1.00 ,4.00 ,1.00 ,1.00 ,16.00 ,13.00 ,2.00 ,9.00 ,9.00 ,1.00 ,0.00 ,0.00 ,0.00 ,1.00 ,0.00 ,18.00 ,5.00 ,0.00 ,9.60 ,-0.80 ,0.58 ,0.00 ,,,,,,
1.00 ,5.00 ,1.00 ,8.00 ,1.00 ,1.00 ,15.00 ,24.00 ,28.00 ,9.00 ,10.00 ,0.00 ,0.00 ,0.00 ,1.00 ,1.00 ,0.00 ,26.00 ,0.00 ,5.00 ,14.23 ,0.01 ,0.09 ,0.00 ,,,,,,
1.00 ,6.00 ,1.00 ,14.00 ,1.00 ,1.00 ,12.00 ,24.00 ,28.00 ,5.00 ,5.00 ,0.00 ,0.00 ,1.00 ,1.00 ,0.00 ,0.00 ,21.00 ,5.00 ,4.00 ,10.90 ,0.57 ,2.04 ,1.00 ,,,,,,
1.00 ,13.00 ,1.00 ,9.00 ,1.00 ,1.00 ,13.00 ,20.00 ,9.00 ,9.00 ,9.00 ,0.00 ,0.00 ,1.00 ,0.00 ,0.00 ,0.00 ,23.00 ,7.00 ,4.00 ,15.05 ,-0.03 ,-0.17 ,0.00 ,,,,,,
1.00 ,2.00 ,1.00 ,5.00 ,1.00 ,1.00 ,9.00 ,2.00 ,2.00 ,3.00 ,9.00 ,1.00 ,0.00 ,0.00 ,1.00 ,0.00 ,1.00 ,18.00 ,14.00 ,6.00 ,11.61 ,-0.59 ,-1.16 ,1.00 ,,,,,,
1.00 ,6.00 ,1.00 ,10.00 ,1.00 ,1.00 ,13.00 ,3.00 ,2.00 ,4.00 ,4.00 ,0.00 ,0.00 ,0.00 ,1.00 ,0.00 ,0.00 ,20.00 ,6.00 ,6.00 ,13.04 ,0.67 ,1.97 ,0.00 ,,,,,,
1.00 ,6.00 ,1.00 ,15.00 ,1.00 ,1.00 ,12.00 ,21.00 ,27.00 ,4.00 ,6.00 ,0.00 ,0.00 ,0.00 ,1.00 ,1.00 ,0.00 ,23.00 ,1.00 ,0.00 ,10.41 ,2.13 ,-3.62 ,0.00 ,,,,,,
1.00 ,2.00 ,1.00 ,15.00 ,1.00 ,1.00 ,13.00 ,15.00 ,1.00 ,10.00 ,10.00 ,0.00 ,0.00 ,0.00 ,1.00 ,1.00 ,0.00 ,22.00 ,5.00 ,5.00 ,13.26 ,0.65 ,2.47 ,1.00 ,,,,,,
1.00 ,15.00 ,1.00 ,17.00 ,0.00 ,1.00 ,14.00 ,21.00 ,28.00 ,9.00 ,10.00 ,0.00 ,0.00 ,0.00 ,1.00 ,1.00 ,0.00 ,29.00 ,6.00 ,11.00 ,12.02 ,-0.80 ,-4.06 ,1.00 ,,,,,,
1.00 ,4.00 ,1.00 ,15.00 ,1.00 ,1.00 ,5.00 ,2.00 ,2.00 ,4.00 ,5.00 ,0.00 ,0.00 ,1.00 ,0.00 ,0.00 ,0.00 ,20.00 ,4.00 ,0.00 ,10.40 ,3.22 ,1.28 ,0.00 ,,,,,,
1.00 ,15.00 ,1.00 ,11.00 ,1.00 ,1.00 ,14.00 ,4.00 ,2.00 ,9.00 ,5.00 ,0.00 ,0.00 ,0.00 ,1.00 ,0.00 ,1.00 ,19.00 ,6.00 ,9.00 ,16.20 ,-0.51 ,-2.59 ,1.00 ,,,,,,
1.00 ,12.00 ,1.00 ,14.00 ,0.00 ,1.00 ,15.00 ,19.00 ,1.00 ,10.00 ,10.00 ,1.00 ,0.00 ,0.00 ,1.00 ,0.00 ,1.00 ,20.00 ,4.00 ,2.00 ,14.38 ,1.76 ,-1.98 ,0.00 ,,,,,,
3.00 ,12.00 ,1.00 ,15.00 ,1.00 ,1.00 ,18.00 ,21.00 ,27.00 ,10.00 ,11.00 ,0.00 ,0.00 ,0.00 ,1.00 ,0.00 ,0.00 ,23.00 ,6.00 ,6.00 ,16.20 ,0.02 ,-2.16 ,0.00 ,,,,,,
1.00 ,10.00 ,1.00 ,3.00 ,1.00 ,1.00 ,15.00 ,1.00 ,15.00 ,10.00 ,10.00 ,0.00 ,0.00 ,0.00 ,1.00 ,0.00 ,1.00 ,20.00 ,6.00 ,6.00 ,12.56 ,1.56 ,1.73 ,1.00 ,,,,,,
1.00 ,13.00 ,1.00 ,9.00 ,1.00 ,1.00 ,13.00 ,23.00 ,28.00 ,9.00 ,9.00 ,0.00 ,0.00 ,1.00 ,0.00 ,0.00 ,0.00 ,21.00 ,0.00 ,0.00 ,16.20 ,-0.27 ,-1.34 ,0.00 ,,,,,,
1.00 ,14.00 ,1.00 ,8.00 ,1.00 ,1.00 ,15.00 ,3.00 ,3.00 ,9.00 ,5.00 ,0.00 ,0.00 ,0.00 ,1.00 ,0.00 ,0.00 ,22.00 ,7.00 ,5.00 ,13.90 ,1.90 ,-2.23 ,1.00 ,,,,,,
1.00 ,1.00 ,1.00 ,9.00 ,1.00 ,1.00 ,13.00 ,23.00 ,28.00 ,9.00 ,9.00 ,0.00 ,0.00 ,1.00 ,0.00 ,1.00 ,0.00 ,21.00 ,1.00 ,0.00 ,10.11 ,0.47 ,0.24 ,0.00 ,,,,,,
2.00 ,5.00 ,1.00 ,11.00 ,1.00 ,1.00 ,12.00 ,13.00 ,2.00 ,9.00 ,10.00 ,0.00 ,0.00 ,0.00 ,1.00 ,0.00 ,0.00 ,21.00 ,5.00 ,5.00 ,9.53 ,1.27 ,2.80 ,1.00 ,,,,,,
1.00 ,15.00 ,3.00 ,9.00 ,1.00 ,1.00 ,2.00 ,2.00 ,26.00 ,5.00 ,5.00 ,0.00 ,0.00 ,0.00 ,1.00 ,1.00 ,0.00 ,20.00 ,2.00 ,0.00 ,11.11 ,2.41 ,-2.14 ,0.00 ,,,,,,
1.00 ,12.00 ,1.00 ,7.00 ,1.00 ,1.00 ,19.00 ,3.00 ,2.00 ,9.00 ,6.00 ,0.00 ,0.00 ,0.00 ,1.00 ,0.00 ,0.00 ,34.00 ,7.00 ,10.00 ,16.20 ,1.85 ,-3.89 ,1.00 ,,,,,,
1.00 ,14.00 ,1.00 ,10.00 ,0.00 ,1.00 ,13.00 ,23.00 ,27.00 ,9.00 ,5.00 ,1.00 ,0.00 ,0.00 ,1.00 ,1.00 ,0.00 ,36.00 ,1.00 ,2.00 ,10.56 ,0.09 ,-3.07 ,0.00 ,,,,,,
1.00 ,2.00 ,3.00 ,17.00 ,1.00 ,1.00 ,12.00 ,1.00 ,1.00 ,7.00 ,6.00 ,1.00 ,0.00 ,0.00 ,1.00 ,0.00 ,1.00 ,18.00 ,7.00 ,1.00 ,7.82 ,3.70 ,1.13 ,0.00 ,,,,,,
1.00 ,1.00 ,1.00 ,15.00 ,1.00 ,1.00 ,8.00 ,2.00 ,3.00 ,4.00 ,4.00 ,1.00 ,0.00 ,0.00 ,1.00 ,0.00 ,0.00 ,20.00 ,16.00 ,6.00 ,15.14 ,0.86 ,-0.57 ,1.00 ,,,,,,
1.00 ,12.00 ,1.00 ,6.00 ,1.00 ,1.00 ,15.00 ,1.00 ,3.00 ,10.00 ,6.00 ,0.00 ,0.00 ,0.00 ,1.00 ,0.00 ,0.00 ,24.00 ,4.00 ,5.00 ,13.97 ,0.26 ,-1.67 ,1.00 ,,,,,,
1.00 ,1.00 ,1.00 ,9.00 ,1.00 ,1.00 ,17.00 ,3.00 ,2.00 ,4.00 ,8.00 ,1.00 ,0.00 ,0.00 ,1.00 ,0.00 ,0.00 ,20.00 ,5.00 ,6.00 ,11.50 ,1.79 ,3.51 ,1.00 ,,,,,,
1.00 ,15.00 ,1.00 ,9.00 ,1.00 ,14.00 ,2.00 ,2.00 ,6.00 ,2.00 ,8.00 ,1.00 ,0.00 ,1.00 ,0.00 ,0.00 ,0.00 ,21.00 ,1.00 ,0.00 ,11.18 ,2.78 ,-4.06 ,0.00 ,,,,,,
1.00 ,9.00 ,1.00 ,6.00 ,1.00 ,11.00 ,14.00 ,2.00 ,1.00 ,2.00 ,6.00 ,1.00 ,0.00 ,0.00 ,0.00 ,0.00 ,0.00 ,23.00 ,2.00 ,0.00 ,11.42 ,1.42 ,-3.48 ,1.00 ,,,,,,
1.00 ,6.00 ,1.00 ,2.00 ,1.00 ,1.00 ,12.00 ,21.00 ,28.00 ,9.00 ,9.00 ,1.00 ,0.00 ,0.00 ,0.00 ,1.00 ,0.00 ,20.00 ,5.00 ,1.00 ,11.41 ,0.39 ,1.00 ,1.00 ,,,,,,
1.00 ,16.00 ,1.00 ,5.00 ,1.00 ,1.00 ,13.00 ,1.00 ,4.00 ,3.00 ,5.00 ,1.00 ,0.00 ,0.00 ,1.00 ,1.00 ,0.00 ,23.00 ,0.00 ,0.00 ,14.47 ,1.99 ,-3.72 ,0.00 ,,,,,,
1.00 ,1.00 ,1.00 ,16.00 ,1.00 ,1.00 ,14.00 ,2.00 ,1.00 ,4.00 ,9.00 ,1.00 ,0.00 ,1.00 ,0.00 ,0.00 ,0.00 ,20.00 ,6.00 ,6.00 ,11.51 ,2.43 ,3.51 ,1.00 ,,,,,,
1.00 ,1.00 ,3.00 ,11.00 ,1.00 ,1.00 ,17.00 ,1.00 ,2.00 ,6.00 ,10.00 ,1.00 ,0.00 ,0.00 ,1.00 ,0.00 ,1.00 ,18.00 ,1.00 ,1.00 ,9.70 ,3.52 ,-1.26 ,0.00 ,,,,,,
1.00 ,13.00 ,1.00 ,17.00 ,1.00 ,1.00 ,15.00 ,21.00 ,26.00 ,11.00 ,11.00 ,0.00 ,0.00 ,1.00 ,0.00 ,0.00 ,0.00 ,29.00 ,1.00 ,5.00 ,10.57 ,0.99 ,3.30 ,0.00 ,,,,,,
1.00 ,14.00 ,2.00 ,2.00 ,1.00 ,1.00 ,13.00 ,21.00 ,2.00 ,2.00 ,4.00 ,1.00 ,0.00 ,0.00 ,0.00 ,1.00 ,0.00 ,21.00 ,8.00 ,0.00 ,12.20 ,-0.59 ,-3.55 ,1.00 ,,,,,,
1.00 ,14.00 ,1.00 ,12.00 ,1.00 ,1.00 ,2.00 ,5.00 ,3.00 ,3.00 ,5.00 ,0.00 ,0.00 ,1.00 ,0.00 ,0.00 ,0.00 ,21.00 ,2.00 ,7.00 ,11.78 ,1.64 ,2.70 ,0.00 ,,,,,,
1.00 ,2.00 ,1.00 ,13.00 ,1.00 ,1.00 ,7.00 ,1.00 ,1.00 ,4.00 ,6.00 ,1.00 ,0.00 ,0.00 ,1.00 ,0.00 ,1.00 ,18.00 ,7.00 ,11.00 ,12.60 ,2.96 ,-1.00 ,1.00 ,,,,,,
1.00 ,4.00 ,1.00 ,14.00 ,1.00 ,1.00 ,12.00 ,2.00 ,13.00 ,11.00 ,10.00 ,0.00 ,0.00 ,0.00 ,1.00 ,0.00 ,1.00 ,20.00 ,6.00 ,6.00 ,12.35 ,1.50 ,1.98 ,1.00 ,,,,,,
1.00 ,2.00 ,3.00 ,8.00 ,1.00 ,1.00 ,8.00 ,12.00 ,1.00 ,4.00 ,5.00 ,1.00 ,0.00 ,0.00 ,1.00 ,1.00 ,1.00 ,18.00 ,5.00 ,6.00 ,9.54 ,-0.17 ,-1.56 ,1.00 ,,,,,,
1.00 ,14.00 ,1.00 ,6.00 ,1.00 ,1.00 ,16.00 ,1.00 ,2.00 ,10.00 ,4.00 ,1.00 ,0.00 ,0.00 ,1.00 ,0.00 ,0.00 ,22.00 ,18.00 ,8.00 ,14.49 ,1.94 ,-1.18 ,1.00 ,,,,,,
1.00 ,13.00 ,1.00 ,3.00 ,1.00 ,1.00 ,15.00 ,3.00 ,4.00 ,9.00 ,5.00 ,0.00 ,0.00 ,0.00 ,1.00 ,0.00 ,0.00 ,21.00 ,6.00 ,4.00 ,15.18 ,0.00 ,1.76 ,1.00 ,,,,,,
1.00 ,3.00 ,3.00 ,15.00 ,1.00 ,13.00 ,9.00 ,1.00 ,2.00 ,4.00 ,7.00 ,1.00 ,0.00 ,0.00 ,1.00 ,0.00 ,1.00 ,18.00 ,7.00 ,6.00 ,14.79 ,3.28 ,-1.86 ,1.00 ,,,,,,
1.00 ,2.00 ,2.00 ,15.00 ,1.00 ,1.00 ,8.00 ,1.00 ,1.00 ,5.00 ,5.00 ,1.00 ,0.00 ,0.00 ,1.00 ,1.00 ,0.00 ,21.00 ,0.00 ,0.00 ,11.27 ,2.14 ,-1.21 ,0.00 ,,,,,,
1.00 ,13.00 ,1.00 ,7.00 ,1.00 ,1.00 ,18.00 ,22.00 ,27.00 ,9.00 ,10.00 ,0.00 ,0.00 ,0.00 ,1.00 ,1.00 ,0.00 ,23.00 ,0.00 ,0.00 ,12.70 ,1.97 ,0.00 ,0.00 ,,,,,,
1.00 ,4.00 ,1.00 ,8.00 ,1.00 ,1.00 ,16.00 ,1.00 ,15.00 ,9.00 ,5.00 ,1.00 ,0.00 ,0.00 ,1.00 ,0.00 ,0.00 ,19.00 ,6.00 ,6.00 ,16.20 ,1.09 ,0.64 ,1.00 ,,,,,,
1.00 ,14.00 ,1.00 ,7.00 ,1.00 ,1.00 ,11.00 ,2.00 ,2.00 ,11.00 ,8.00 ,0.00 ,0.00 ,0.00 ,1.00 ,0.00 ,0.00 ,32.00 ,1.00 ,0.00 ,11.93 ,2.12 ,-2.55 ,0.00 ,,,,,,
1.00 ,5.00 ,1.00 ,3.00 ,1.00 ,1.00 ,13.00 ,3.00 ,3.00 ,2.00 ,5.00 ,0.00 ,0.00 ,0.00 ,1.00 ,1.00 ,0.00 ,19.00 ,1.00 ,4.00 ,13.45 ,0.69 ,1.80 ,1.00 ,,,,,,
1.00 ,5.00 ,1.00 ,8.00 ,1.00 ,1.00 ,16.00 ,12.00 ,14.00 ,9.00 ,11.00 ,0.00 ,0.00 ,0.00 ,1.00 ,1.00 ,0.00 ,18.00 ,5.00 ,4.00 ,11.08 ,-0.53 ,0.44 ,1.00 ,,,,,,
1.00 ,10.00 ,1.00 ,11.00 ,1.00 ,1.00 ,14.00 ,22.00 ,28.00 ,10.00 ,10.00 ,0.00 ,0.00 ,1.00 ,1.00 ,0.00 ,0.00 ,29.00 ,1.00 ,5.00 ,13.03 ,0.54 ,0.30 ,0.00 ,,,,,,
1.00 ,1.00 ,1.00 ,16.00 ,1.00 ,1.00 ,15.00 ,25.00 ,28.00 ,10.00 ,9.00 ,0.00 ,0.00 ,1.00 ,1.00 ,1.00 ,0.00 ,20.00 ,0.00 ,0.00 ,9.10 ,0.42 ,1.45 ,0.00 ,,,,,,
1.00 ,1.00 ,3.00 ,13.00 ,1.00 ,1.00 ,18.00 ,2.00 ,2.00 ,5.00 ,6.00 ,0.00 ,0.00 ,0.00 ,1.00 ,1.00 ,1.00 ,19.00 ,3.00 ,6.00 ,10.15 ,1.87 ,3.51 ,1.00 ,,,,,,
1.00 ,3.00 ,3.00 ,13.00 ,1.00 ,1.00 ,12.00 ,1.00 ,2.00 ,10.00 ,5.00 ,1.00 ,0.00 ,0.00 ,1.00 ,0.00 ,1.00 ,18.00 ,7.00 ,12.00 ,13.70 ,2.82 ,-1.61 ,1.00 ,,,,,,
1.00 ,5.00 ,1.00 ,9.00 ,1.00 ,1.00 ,11.00 ,2.00 ,15.00 ,9.00 ,5.00 ,1.00 ,0.00 ,0.00 ,1.00 ,0.00 ,0.00 ,19.00 ,6.00 ,6.00 ,15.70 ,0.91 ,0.45 ,1.00 ,,,,,,
1.00 ,3.00 ,2.00 ,17.00 ,1.00 ,1.00 ,10.00 ,18.00 ,15.00 ,5.00 ,10.00 ,1.00 ,0.00 ,0.00 ,1.00 ,0.00 ,1.00 ,18.00 ,6.00 ,6.00 ,8.51 ,0.22 ,-2.12 ,1.00 ,,,,,,
1.00 ,1.00 ,2.00 ,17.00 ,1.00 ,1.00 ,11.00 ,11.00 ,13.00 ,11.00 ,7.00 ,1.00 ,0.00 ,0.00 ,1.00 ,0.00 ,1.00 ,18.00 ,6.00 ,6.00 ,13.56 ,1.41 ,0.12 ,1.00 ,,,,,,
1.00 ,7.00 ,1.00 ,3.00 ,1.00 ,1.00 ,17.00 ,2.00 ,1.00 ,9.00 ,3.00 ,1.00 ,0.00 ,0.00 ,1.00 ,1.00 ,0.00 ,20.00 ,14.00 ,5.00 ,11.88 ,1.23 ,3.29 ,1.00 ,,,,,,
1.00 ,1.00 ,1.00 ,15.00 ,1.00 ,1.00 ,15.00 ,12.00 ,1.00 ,11.00 ,10.00 ,1.00 ,0.00 ,1.00 ,0.00 ,0.00 ,1.00 ,18.00 ,6.00 ,6.00 ,15.31 ,1.62 ,2.42 ,1.00 ,,,,,,
1.00 ,11.00 ,1.00 ,15.00 ,1.00 ,10.00 ,10.00 ,1.00 ,3.00 ,10.00 ,10.00 ,0.00 ,0.00 ,1.00 ,0.00 ,0.00 ,0.00 ,23.00 ,1.00 ,3.00 ,11.96 ,0.19 ,0.21 ,0.00 ,,,,,,
1.00 ,2.00 ,1.00 ,14.00 ,1.00 ,1.00 ,10.00 ,4.00 ,3.00 ,4.00 ,6.00 ,1.00 ,0.00 ,1.00 ,0.00 ,0.00 ,1.00 ,21.00 ,7.00 ,7.00 ,16.20 ,1.86 ,3.13 ,1.00 ,,,,,,
1.00 ,16.00 ,1.00 ,9.00 ,0.00 ,1.00 ,13.00 ,23.00 ,2.00 ,10.00 ,9.00 ,0.00 ,0.00 ,0.00 ,1.00 ,0.00 ,0.00 ,33.00 ,7.00 ,5.00 ,7.60 ,1.94 ,2.26 ,1.00 ,,,,,,
1.00 ,6.00 ,1.00 ,11.00 ,1.00 ,1.00 ,14.00 ,1.00 ,2.00 ,3.00 ,6.00 ,0.00 ,0.00 ,1.00 ,0.00 ,0.00 ,0.00 ,21.00 ,1.00 ,0.00 ,10.37 ,0.76 ,2.66 ,0.00 ,,,,,,
1.00 ,8.00 ,1.00 ,12.00 ,1.00 ,1.00 ,2.00 ,24.00 ,27.00 ,13.00 ,9.00 ,1.00 ,0.00 ,0.00 ,0.00 ,0.00 ,0.00 ,20.00 ,6.00 ,10.00 ,7.60 ,0.37 ,2.58 ,1.00 ,,,,,,
1.00 ,4.00 ,1.00 ,5.00 ,1.00 ,1.00 ,17.00 ,2.00 ,2.00 ,5.00 ,9.00 ,0.00 ,0.00 ,0.00 ,1.00 ,0.00 ,0.00 ,21.00 ,6.00 ,6.00 ,16.20 ,1.07 ,2.14 ,1.00 ,,,,,,
1.00 ,13.00 ,1.00 ,17.00 ,1.00 ,1.00 ,14.00 ,19.00 ,26.00 ,9.00 ,10.00 ,0.00 ,0.00 ,1.00 ,0.00 ,0.00 ,0.00 ,35.00 ,5.00 ,6.00 ,12.23 ,-0.29 ,-4.06 ,0.00 ,,,,,,
1.00 ,5.00 ,1.00 ,6.00 ,1.00 ,1.00 ,12.00 ,2.00 ,3.00 ,10.00 ,7.00 ,0.00 ,0.00 ,1.00 ,0.00 ,1.00 ,0.00 ,22.00 ,6.00 ,5.00 ,14.98 ,0.97 ,1.63 ,0.00 ,,,,,,
1.00 ,8.00 ,1.00 ,8.00 ,1.00 ,1.00 ,9.00 ,5.00 ,14.00 ,3.00 ,4.00 ,0.00 ,0.00 ,0.00 ,1.00 ,0.00 ,0.00 ,32.00 ,6.00 ,6.00 ,10.47 ,0.37 ,2.47 ,1.00 ,,,,,,
1.00 ,7.00 ,1.00 ,17.00 ,1.00 ,1.00 ,11.00 ,22.00 ,15.00 ,10.00 ,6.00 ,0.00 ,0.00 ,0.00 ,1.00 ,0.00 ,0.00 ,23.00 ,5.00 ,5.00 ,13.14 ,1.06 ,0.71 ,1.00 ,,,,,,
1.00 ,1.00 ,2.00 ,10.00 ,1.00 ,1.00 ,20.00 ,13.00 ,3.00 ,10.00 ,10.00 ,1.00 ,0.00 ,0.00 ,1.00 ,0.00 ,1.00 ,18.00 ,6.00 ,5.00 ,15.03 ,0.92 ,2.57 ,1.00 ,,,,,,
1.00 ,15.00 ,1.00 ,5.00 ,1.00 ,1.00 ,12.00 ,2.00 ,3.00 ,2.00 ,6.00 ,0.00 ,0.00 ,0.00 ,1.00 ,0.00 ,0.00 ,22.00 ,1.00 ,6.00 ,16.14 ,-0.80 ,-3.02 ,1.00 ,,,,,,
1.00 ,1.00 ,3.00 ,12.00 ,1.00 ,1.00 ,10.00 ,18.00 ,1.00 ,10.00 ,10.00 ,0.00 ,0.00 ,1.00 ,0.00 ,0.00 ,1.00 ,19.00 ,7.00 ,5.00 ,9.38 ,1.21 ,1.44 ,1.00 ,,,,,,
1.00 ,5.00 ,1.00 ,12.00 ,1.00 ,1.00 ,16.00 ,10.00 ,15.00 ,10.00 ,9.00 ,1.00 ,0.00 ,0.00 ,1.00 ,1.00 ,0.00 ,19.00 ,5.00 ,5.00 ,14.87 ,0.93 ,-4.06 ,1.00 ,,,,,,
1.00 ,6.00 ,1.00 ,17.00 ,1.00 ,1.00 ,12.00 ,2.00 ,3.00 ,5.00 ,4.00 ,1.00 ,0.00 ,0.00 ,1.00 ,0.00 ,0.00 ,19.00 ,7.00 ,12.00 ,10.53 ,0.05 ,-0.12 ,1.00 ,,,,,,
1.00 ,15.00 ,1.00 ,14.00 ,0.00 ,1.00 ,2.00 ,1.00 ,2.00 ,10.00 ,6.00 ,0.00 ,0.00 ,0.00 ,1.00 ,0.00 ,0.00 ,21.00 ,18.00 ,7.00 ,13.59 ,2.11 ,-2.22 ,1.00 ,,,,,,
1.00 ,2.00 ,1.00 ,16.00 ,1.00 ,1.00 ,13.00 ,22.00 ,14.00 ,10.00 ,11.00 ,0.00 ,0.00 ,0.00 ,1.00 ,0.00 ,1.00 ,21.00 ,6.00 ,5.00 ,10.68 ,1.50 ,0.46 ,1.00 ,,,,,,
1.00 ,2.00 ,2.00 ,8.00 ,1.00 ,1.00 ,12.00 ,2.00 ,2.00 ,4.00 ,6.00 ,0.00 ,0.00 ,0.00 ,1.00 ,1.00 ,1.00 ,20.00 ,1.00 ,0.00 ,13.06 ,2.73 ,-2.90 ,0.00 ,,,,,,
1.00 ,10.00 ,1.00 ,17.00 ,1.00 ,1.00 ,14.00 ,22.00 ,28.00 ,10.00 ,10.00 ,0.00 ,1.00 ,1.00 ,0.00 ,0.00 ,0.00 ,22.00 ,8.00 ,6.00 ,12.45 ,1.20 ,0.36 ,0.00 ,,,,,,
1.00 ,11.00 ,1.00 ,8.00 ,1.00 ,1.00 ,12.00 ,19.00 ,2.00 ,11.00 ,7.00 ,1.00 ,0.00 ,1.00 ,0.00 ,1.00 ,0.00 ,31.00 ,4.00 ,6.00 ,11.67 ,1.87 ,-2.88 ,1.00 ,,,,,,
1.00 ,1.00 ,3.00 ,17.00 ,1.00 ,1.00 ,9.00 ,1.00 ,24.00 ,10.00 ,7.00 ,1.00 ,0.00 ,0.00 ,1.00 ,0.00 ,0.00 ,20.00 ,6.00 ,5.00 ,12.88 ,2.12 ,-1.63 ,1.00 ,,,,,,
1.00 ,5.00 ,1.00 ,9.00 ,1.00 ,1.00 ,11.00 ,1.00 ,3.00 ,10.00 ,8.00 ,0.00 ,0.00 ,0.00 ,1.00 ,0.00 ,1.00 ,20.00 ,1.00 ,5.00 ,11.33 ,0.57 ,1.03 ,1.00 ,,,,,,
1.00 ,6.00 ,2.00 ,10.00 ,1.00 ,1.00 ,16.00 ,14.00 ,3.00 ,2.00 ,9.00 ,1.00 ,0.00 ,0.00 ,1.00 ,1.00 ,0.00 ,19.00 ,0.00 ,0.00 ,12.41 ,0.63 ,-0.04 ,0.00 ,,,,,,
1.00 ,6.00 ,1.00 ,13.00 ,1.00 ,1.00 ,10.00 ,3.00 ,14.00 ,3.00 ,5.00 ,1.00 ,0.00 ,0.00 ,1.00 ,0.00 ,0.00 ,21.00 ,6.00 ,6.00 ,16.16 ,0.89 ,2.53 ,1.00 ,,,,,,
1.00 ,5.00 ,1.00 ,10.00 ,1.00 ,1.00 ,9.00 ,16.00 ,13.00 ,3.00 ,10.00 ,0.00 ,0.00 ,0.00 ,1.00 ,0.00 ,0.00 ,21.00 ,6.00 ,7.00 ,10.04 ,0.38 ,3.15 ,1.00 ,,,,,,
1.00 ,1.00 ,3.00 ,13.00 ,1.00 ,1.00 ,19.00 ,1.00 ,2.00 ,10.00 ,10.00 ,0.00 ,0.00 ,0.00 ,1.00 ,0.00 ,1.00 ,18.00 ,5.00 ,6.00 ,15.93 ,0.78 ,1.15 ,1.00 ,,,,,,
1.00 ,1.00 ,3.00 ,17.00 ,1.00 ,1.00 ,4.00 ,19.00 ,26.00 ,9.00 ,7.00 ,0.00 ,0.00 ,0.00 ,1.00 ,0.00 ,1.00 ,20.00 ,7.00 ,6.00 ,11.07 ,2.02 ,-4.06 ,1.00 ,,,,,,
1.00 ,1.00 ,2.00 ,3.00 ,1.00 ,1.00 ,15.00 ,2.00 ,4.00 ,2.00 ,8.00 ,1.00 ,0.00 ,0.00 ,1.00 ,1.00 ,0.00 ,27.00 ,0.00 ,0.00 ,12.47 ,0.21 ,1.25 ,0.00 ,,,,,,
1.00 ,12.00 ,1.00 ,12.00 ,1.00 ,1.00 ,17.00 ,1.00 ,4.00 ,10.00 ,10.00 ,1.00 ,0.00 ,0.00 ,1.00 ,0.00 ,1.00 ,20.00 ,6.00 ,6.00 ,16.20 ,0.90 ,-3.94 ,1.00 ,,,,,,
1.00 ,2.00 ,2.00 ,4.00 ,1.00 ,1.00 ,19.00 ,3.00 ,4.00 ,9.00 ,3.00 ,1.00 ,0.00 ,0.00 ,1.00 ,0.00 ,1.00 ,18.00 ,7.00 ,12.00 ,14.21 ,1.53 ,-1.20 ,1.00 ,,,,,,
1.00 ,1.00 ,2.00 ,8.00 ,1.00 ,1.00 ,18.00 ,2.00 ,1.00 ,4.00 ,4.00 ,1.00 ,0.00 ,0.00 ,1.00 ,0.00 ,0.00 ,18.00 ,0.00 ,2.00 ,11.45 ,1.65 ,3.51 ,0.00 ,,,,,,
2.00 ,7.00 ,1.00 ,17.00 ,1.00 ,1.00 ,14.00 ,22.00 ,2.00 ,11.00 ,7.00 ,0.00 ,0.00 ,0.00 ,1.00 ,1.00 ,0.00 ,22.00 ,6.00 ,5.00 ,10.01 ,2.32 ,-1.19 ,1.00 ,,,,,,
1.00 ,1.00 ,1.00 ,14.00 ,1.00 ,1.00 ,6.00 ,19.00 ,13.00 ,10.00 ,8.00 ,0.00 ,0.00 ,0.00 ,1.00 ,0.00 ,1.00 ,20.00 ,6.00 ,6.00 ,12.60 ,0.81 ,-4.06 ,1.00 ,,,,,,
1.00 ,1.00 ,1.00 ,15.00 ,1.00 ,1.00 ,16.00 ,2.00 ,1.00 ,10.00 ,9.00 ,0.00 ,0.00 ,1.00 ,0.00 ,1.00 ,0.00 ,22.00 ,1.00 ,4.00 ,11.20 ,0.82 ,2.20 ,0.00 ,,,,,,
1.00 ,1.00 ,1.00 ,17.00 ,1.00 ,1.00 ,9.00 ,21.00 ,28.00 ,4.00 ,6.00 ,1.00 ,0.00 ,0.00 ,1.00 ,0.00 ,0.00 ,18.00 ,5.00 ,0.00 ,8.81 ,2.97 ,-2.36 ,0.00 ,,,,,,
1.00 ,2.00 ,3.00 ,10.00 ,1.00 ,1.00 ,18.00 ,1.00 ,2.00 ,9.00 ,9.00 ,1.00 ,0.00 ,1.00 ,0.00 ,0.00 ,0.00 ,18.00 ,1.00 ,1.00 ,14.34 ,3.70 ,1.61 ,0.00 ,,,,,,
1.00 ,5.00 ,1.00 ,14.00 ,1.00 ,1.00 ,17.00 ,1.00 ,1.00 ,4.00 ,9.00 ,1.00 ,0.00 ,0.00 ,1.00 ,0.00 ,0.00 ,19.00 ,7.00 ,6.00 ,14.73 ,0.78 ,3.51 ,1.00 ,,,,,,
1.00 ,6.00 ,3.00 ,8.00 ,1.00 ,1.00 ,9.00 ,2.00 ,2.00 ,9.00 ,4.00 ,1.00 ,0.00 ,0.00 ,0.00 ,0.00 ,0.00 ,21.00 ,16.00 ,4.00 ,13.61 ,-0.02 ,-2.40 ,1.00 ,,,,,,
1.00 ,16.00 ,1.00 ,15.00 ,1.00 ,1.00 ,2.00 ,22.00 ,27.00 ,9.00 ,5.00 ,1.00 ,0.00 ,0.00 ,1.00 ,0.00 ,0.00 ,22.00 ,16.00 ,12.00 ,12.16 ,-0.80 ,-2.53 ,1.00 ,,,,,,
1.00 ,5.00 ,1.00 ,13.00 ,1.00 ,1.00 ,14.00 ,3.00 ,1.00 ,3.00 ,5.00 ,0.00 ,0.00 ,0.00 ,1.00 ,0.00 ,0.00 ,22.00 ,6.00 ,6.00 ,15.62 ,2.44 ,-1.93 ,1.00 ,,,,,,
1.00 ,6.00 ,3.00 ,11.00 ,1.00 ,1.00 ,3.00 ,14.00 ,16.00 ,5.00 ,9.00 ,1.00 ,0.00 ,0.00 ,1.00 ,0.00 ,0.00 ,18.00 ,7.00 ,7.00 ,10.52 ,1.10 ,2.98 ,1.00 ,,,,,,
1.00 ,2.00 ,1.00 ,8.00 ,1.00 ,1.00 ,16.00 ,1.00 ,1.00 ,3.00 ,6.00 ,1.00 ,0.00 ,0.00 ,1.00 ,1.00 ,0.00 ,21.00 ,6.00 ,5.00 ,16.20 ,2.23 ,-2.48 ,1.00 ,,,,,,
1.00 ,9.00 ,1.00 ,16.00 ,1.00 ,1.00 ,16.00 ,16.00 ,2.00 ,5.00 ,4.00 ,1.00 ,0.00 ,0.00 ,1.00 ,0.00 ,0.00 ,19.00 ,6.00 ,1.00 ,11.92 ,1.29 ,3.44 ,0.00 ,,,,,,
1.00 ,15.00 ,1.00 ,11.00 ,1.00 ,1.00 ,17.00 ,21.00 ,2.00 ,10.00 ,10.00 ,0.00 ,0.00 ,0.00 ,1.00 ,0.00 ,0.00 ,23.00 ,1.00 ,1.00 ,14.86 ,0.43 ,-0.70 ,0.00 ,,,,,,
1.00 ,7.00 ,1.00 ,16.00 ,1.00 ,1.00 ,14.00 ,15.00 ,2.00 ,10.00 ,9.00 ,0.00 ,0.00 ,0.00 ,1.00 ,0.00 ,0.00 ,20.00 ,7.00 ,7.00 ,12.13 ,0.76 ,3.51 ,1.00 ,,,,,,
1.00 ,13.00 ,1.00 ,7.00 ,1.00 ,1.00 ,15.00 ,2.00 ,2.00 ,10.00 ,7.00 ,0.00 ,0.00 ,1.00 ,0.00 ,0.00 ,0.00 ,33.00 ,1.00 ,0.00 ,14.64 ,2.64 ,-2.49 ,0.00 ,,,,,,
1.00 ,6.00 ,1.00 ,15.00 ,1.00 ,1.00 ,16.00 ,1.00 ,3.00 ,9.00 ,9.00 ,0.00 ,0.00 ,1.00 ,0.00 ,0.00 ,0.00 ,22.00 ,6.00 ,4.00 ,16.20 ,0.61 ,0.71 ,0.00 ,,,,,,
1.00 ,6.00 ,3.00 ,10.00 ,1.00 ,12.00 ,13.00 ,3.00 ,1.00 ,4.00 ,10.00 ,0.00 ,0.00 ,0.00 ,1.00 ,0.00 ,0.00 ,21.00 ,6.00 ,7.00 ,13.97 ,1.60 ,2.99 ,1.00 ,,,,,,
1.00 ,5.00 ,1.00 ,14.00 ,1.00 ,1.00 ,12.00 ,13.00 ,1.00 ,10.00 ,9.00 ,1.00 ,0.00 ,0.00 ,0.00 ,0.00 ,0.00 ,21.00 ,6.00 ,5.00 ,14.52 ,0.10 ,2.15 ,1.00 ,,,,,,
1.00 ,6.00 ,3.00 ,16.00 ,1.00 ,1.00 ,12.00 ,1.00 ,1.00 ,10.00 ,4.00 ,1.00 ,0.00 ,0.00 ,1.00 ,0.00 ,0.00 ,21.00 ,6.00 ,6.00 ,11.98 ,3.05 ,-2.30 ,1.00 ,,,,,,
1.00 ,1.00 ,2.00 ,15.00 ,1.00 ,1.00 ,6.00 ,10.00 ,12.00 ,7.00 ,8.00 ,1.00 ,0.00 ,0.00 ,1.00 ,0.00 ,1.00 ,19.00 ,6.00 ,6.00 ,8.44 ,0.34 ,3.51 ,1.00 ,,,,,,
1.00 ,16.00 ,2.00 ,9.00 ,1.00 ,1.00 ,19.00 ,20.00 ,28.00 ,9.00 ,10.00 ,1.00 ,0.00 ,0.00 ,1.00 ,0.00 ,0.00 ,27.00 ,14.00 ,9.00 ,16.20 ,-0.80 ,-2.43 ,1.00 ,,,,,,
1.00 ,11.00 ,1.00 ,12.00 ,1.00 ,1.00 ,15.00 ,18.00 ,27.00 ,9.00 ,9.00 ,1.00 ,0.00 ,1.00 ,0.00 ,0.00 ,1.00 ,18.00 ,16.00 ,8.00 ,11.09 ,0.74 ,0.62 ,1.00 ,,,,,,
1.00 ,1.00 ,3.00 ,13.00 ,1.00 ,1.00 ,7.00 ,11.00 ,5.00 ,6.00 ,5.00 ,1.00 ,0.00 ,0.00 ,1.00 ,0.00 ,1.00 ,18.00 ,7.00 ,12.00 ,12.17 ,2.93 ,-0.75 ,1.00 ,,,,,,
1.00 ,12.00 ,1.00 ,14.00 ,1.00 ,11.00 ,6.00 ,1.00 ,2.00 ,4.00 ,7.00 ,0.00 ,0.00 ,1.00 ,0.00 ,0.00 ,0.00 ,34.00 ,1.00 ,5.00 ,14.36 ,2.08 ,-4.06 ,0.00 ,,,,,,
1.00 ,13.00 ,2.00 ,6.00 ,1.00 ,1.00 ,17.00 ,23.00 ,27.00 ,10.00 ,10.00 ,0.00 ,0.00 ,0.00 ,1.00 ,1.00 ,0.00 ,27.00 ,0.00 ,0.00 ,10.43 ,1.39 ,-3.43 ,0.00 ,,,,,,
1.00 ,4.00 ,1.00 ,11.00 ,1.00 ,1.00 ,10.00 ,2.00 ,15.00 ,3.00 ,9.00 ,0.00 ,0.00 ,0.00 ,1.00 ,1.00 ,0.00 ,18.00 ,6.00 ,7.00 ,16.20 ,2.26 ,2.25 ,1.00 ,,,,,,
1.00 ,6.00 ,1.00 ,15.00 ,1.00 ,1.00 ,3.00 ,5.00 ,2.00 ,4.00 ,10.00 ,0.00 ,0.00 ,0.00 ,1.00 ,0.00 ,0.00 ,19.00 ,6.00 ,6.00 ,8.98 ,1.29 ,3.51 ,1.00 ,,,,,,
1.00 ,13.00 ,1.00 ,4.00 ,1.00 ,1.00 ,10.00 ,2.00 ,13.00 ,9.00 ,5.00 ,1.00 ,0.00 ,1.00 ,0.00 ,0.00 ,0.00 ,22.00 ,18.00 ,9.00 ,13.55 ,0.48 ,1.12 ,1.00 ,,,,,,
1.00 ,10.00 ,2.00 ,4.00 ,1.00 ,1.00 ,15.00 ,13.00 ,2.00 ,10.00 ,9.00 ,1.00 ,0.00 ,0.00 ,1.00 ,0.00 ,0.00 ,27.00 ,7.00 ,6.00 ,12.77 ,0.61 ,2.00 ,1.00 ,,,,,,
1.00 ,1.00 ,3.00 ,17.00 ,1.00 ,1.00 ,16.00 ,9.00 ,12.00 ,11.00 ,10.00 ,1.00 ,0.00 ,0.00 ,1.00 ,0.00 ,1.00 ,19.00 ,6.00 ,6.00 ,8.73 ,1.33 ,-1.45 ,1.00 ,,,,,,
1.00 ,11.00 ,1.00 ,17.00 ,1.00 ,1.00 ,14.00 ,19.00 ,28.00 ,10.00 ,11.00 ,0.00 ,0.00 ,1.00 ,0.00 ,0.00 ,0.00 ,45.00 ,7.00 ,4.00 ,10.95 ,-0.24 ,-4.06 ,0.00 ,,,,,,
1.00 ,16.00 ,2.00 ,5.00 ,1.00 ,14.00 ,12.00 ,1.00 ,4.00 ,3.00 ,3.00 ,0.00 ,0.00 ,0.00 ,1.00 ,0.00 ,0.00 ,20.00 ,2.00 ,0.00 ,12.80 ,1.89 ,-2.86 ,0.00 ,,,,,,
1.00 ,2.00 ,1.00 ,16.00 ,1.00 ,1.00 ,13.00 ,21.00 ,27.00 ,10.00 ,7.00 ,1.00 ,0.00 ,0.00 ,1.00 ,1.00 ,1.00 ,21.00 ,6.00 ,6.00 ,9.58 ,0.26 ,-3.68 ,1.00 ,,,,,,
3.00 ,7.00 ,1.00 ,17.00 ,1.00 ,1.00 ,13.00 ,21.00 ,14.00 ,10.00 ,8.00 ,0.00 ,0.00 ,0.00 ,1.00 ,0.00 ,0.00 ,19.00 ,7.00 ,6.00 ,8.45 ,1.00 ,2.81 ,1.00 ,,,,,,
1.00 ,1.00 ,1.00 ,13.00 ,1.00 ,1.00 ,7.00 ,23.00 ,1.00 ,11.00 ,10.00 ,0.00 ,0.00 ,1.00 ,1.00 ,0.00 ,1.00 ,20.00 ,6.00 ,5.00 ,10.63 ,2.19 ,1.56 ,1.00 ,,,,,,
1.00 ,14.00 ,1.00 ,6.00 ,1.00 ,1.00 ,15.00 ,1.00 ,1.00 ,4.00 ,8.00 ,1.00 ,0.00 ,0.00 ,1.00 ,0.00 ,0.00 ,26.00 ,0.00 ,0.00 ,13.72 ,2.13 ,-2.62 ,0.00 ,,,,,,
1.00 ,6.00 ,1.00 ,11.00 ,1.00 ,1.00 ,11.00 ,14.00 ,13.00 ,4.00 ,5.00 ,1.00 ,0.00 ,0.00 ,1.00 ,0.00 ,0.00 ,22.00 ,5.00 ,6.00 ,13.65 ,-0.80 ,1.72 ,1.00 ,,,,,,
1.00 ,6.00 ,1.00 ,13.00 ,1.00 ,1.00 ,15.00 ,14.00 ,1.00 ,5.00 ,19.00 ,0.00 ,0.00 ,1.00 ,1.00 ,0.00 ,0.00 ,51.00 ,5.00 ,7.00 ,10.60 ,0.52 ,3.26 ,1.00 ,,,,,,
1.00 ,2.00 ,3.00 ,17.00 ,1.00 ,1.00 ,15.00 ,2.00 ,2.00 ,11.00 ,9.00 ,0.00 ,0.00 ,1.00 ,0.00 ,0.00 ,1.00 ,20.00 ,4.00 ,5.00 ,10.55 ,2.11 ,3.51 ,0.00 ,,,,,,
1.00 ,2.00 ,2.00 ,17.00 ,1.00 ,1.00 ,5.00 ,19.00 ,27.00 ,10.00 ,8.00 ,1.00 ,0.00 ,0.00 ,1.00 ,1.00 ,0.00 ,19.00 ,6.00 ,6.00 ,8.30 ,2.16 ,-1.48 ,1.00 ,,,,,,
1.00 ,7.00 ,1.00 ,14.00 ,1.00 ,1.00 ,16.00 ,25.00 ,17.00 ,2.00 ,5.00 ,1.00 ,0.00 ,1.00 ,0.00 ,0.00 ,0.00 ,19.00 ,0.00 ,0.00 ,11.03 ,0.44 ,1.12 ,0.00 ,,,,,,
1.00 ,16.00 ,1.00 ,15.00 ,1.00 ,1.00 ,19.00 ,22.00 ,28.00 ,9.00 ,11.00 ,0.00 ,0.00 ,0.00 ,1.00 ,0.00 ,0.00 ,28.00 ,1.00 ,2.00 ,13.63 ,0.87 ,-4.06 ,0.00 ,,,,,,
1.00 ,1.00 ,3.00 ,10.00 ,1.00 ,1.00 ,6.00 ,11.00 ,14.00 ,6.00 ,10.00 ,1.00 ,0.00 ,0.00 ,1.00 ,0.00 ,1.00 ,19.00 ,6.00 ,7.00 ,11.89 ,0.70 ,2.85 ,1.00 ,,,,,,
1.00 ,16.00 ,1.00 ,12.00 ,1.00 ,14.00 ,12.00 ,3.00 ,3.00 ,3.00 ,8.00 ,0.00 ,0.00 ,0.00 ,0.00 ,0.00 ,0.00 ,21.00 ,0.00 ,0.00 ,10.80 ,2.77 ,-4.06 ,0.00 ,,,,,,
1.00 ,2.00 ,1.00 ,11.00 ,1.00 ,1.00 ,12.00 ,23.00 ,2.00 ,10.00 ,6.00 ,1.00 ,0.00 ,0.00 ,1.00 ,1.00 ,0.00 ,20.00 ,1.00 ,6.00 ,10.44 ,2.42 ,-0.10 ,1.00 ,,,,,,
3.00 ,7.00 ,1.00 ,17.00 ,1.00 ,1.00 ,15.00 ,24.00 ,25.00 ,10.00 ,7.00 ,0.00 ,0.00 ,0.00 ,1.00 ,1.00 ,0.00 ,21.00 ,6.00 ,5.00 ,11.02 ,-0.20 ,1.10 ,1.00 ,,,,,,
1.00 ,4.00 ,1.00 ,10.00 ,1.00 ,1.00 ,19.00 ,3.00 ,4.00 ,1.00 ,9.00 ,1.00 ,0.00 ,1.00 ,0.00 ,0.00 ,0.00 ,19.00 ,0.00 ,0.00 ,14.49 ,0.69 ,1.18 ,0.00 ,,,,,,
1.00 ,1.00 ,3.00 ,17.00 ,1.00 ,1.00 ,16.00 ,11.00 ,14.00 ,10.00 ,10.00 ,1.00 ,0.00 ,0.00 ,1.00 ,0.00 ,0.00 ,19.00 ,7.00 ,6.00 ,13.08 ,0.51 ,-2.04 ,1.00 ,,,,,,
1.00 ,15.00 ,3.00 ,11.00 ,1.00 ,1.00 ,4.00 ,21.00 ,4.00 ,9.00 ,9.00 ,1.00 ,0.00 ,1.00 ,0.00 ,0.00 ,0.00 ,32.00 ,14.00 ,5.00 ,16.09 ,1.29 ,-0.46 ,0.00 ,,,,,,
1.00 ,14.00 ,1.00 ,6.00 ,1.00 ,1.00 ,15.00 ,2.00 ,17.00 ,4.00 ,3.00 ,0.00 ,0.00 ,1.00 ,1.00 ,1.00 ,1.00 ,18.00 ,0.00 ,0.00 ,11.16 ,1.20 ,2.40 ,0.00 ,,,,,,
1.00 ,2.00 ,4.00 ,17.00 ,1.00 ,1.00 ,13.00 ,1.00 ,1.00 ,10.00 ,5.00 ,1.00 ,0.00 ,1.00 ,0.00 ,0.00 ,1.00 ,21.00 ,7.00 ,6.00 ,11.13 ,1.03 ,3.51 ,0.00 ,,,,,,
1.00 ,8.00 ,1.00 ,15.00 ,1.00 ,1.00 ,12.00 ,2.00 ,14.00 ,5.00 ,5.00 ,1.00 ,0.00 ,0.00 ,1.00 ,1.00 ,1.00 ,22.00 ,6.00 ,5.00 ,8.98 ,0.15 ,-2.58 ,1.00 ,,,,,,
1.00 ,12.00 ,1.00 ,7.00 ,0.00 ,1.00 ,11.00 ,20.00 ,27.00 ,10.00 ,9.00 ,0.00 ,0.00 ,0.00 ,1.00 ,1.00 ,0.00 ,33.00 ,16.00 ,6.00 ,13.23 ,2.29 ,-4.06 ,1.00 ,,,,,,
1.00 ,4.00 ,2.00 ,13.00 ,1.00 ,1.00 ,12.00 ,14.00 ,14.00 ,10.00 ,9.00 ,1.00 ,0.00 ,0.00 ,1.00 ,0.00 ,0.00 ,18.00 ,7.00 ,6.00 ,10.43 ,1.52 ,3.51 ,1.00 ,,,,,,
1.00 ,5.00 ,1.00 ,17.00 ,1.00 ,1.00 ,12.00 ,17.00 ,13.00 ,9.00 ,9.00 ,0.00 ,1.00 ,1.00 ,1.00 ,0.00 ,0.00 ,23.00 ,5.00 ,5.00 ,12.15 ,1.32 ,2.16 ,1.00 ,,,,,,
1.00 ,2.00 ,2.00 ,17.00 ,1.00 ,1.00 ,10.00 ,18.00 ,25.00 ,10.00 ,7.00 ,1.00 ,0.00 ,0.00 ,1.00 ,0.00 ,1.00 ,18.00 ,7.00 ,6.00 ,10.23 ,0.31 ,-1.08 ,1.00 ,,,,,,
1.00 ,1.00 ,3.00 ,14.00 ,1.00 ,1.00 ,9.00 ,22.00 ,28.00 ,9.00 ,5.00 ,1.00 ,0.00 ,1.00 ,0.00 ,0.00 ,0.00 ,20.00 ,6.00 ,0.00 ,12.41 ,0.31 ,-0.25 ,0.00 ,,,,,,
1.00 ,1.00 ,3.00 ,16.00 ,1.00 ,1.00 ,11.00 ,23.00 ,2.00 ,9.00 ,9.00 ,1.00 ,0.00 ,0.00 ,1.00 ,0.00 ,0.00 ,19.00 ,5.00 ,1.00 ,11.11 ,0.44 ,2.36 ,0.00 ,,,,,,
1.00 ,5.00 ,1.00 ,9.00 ,1.00 ,1.00 ,13.00 ,12.00 ,1.00 ,10.00 ,6.00 ,0.00 ,0.00 ,0.00 ,1.00 ,0.00 ,0.00 ,23.00 ,6.00 ,6.00 ,10.74 ,0.73 ,2.15 ,1.00 ,,,,,,
1.00 ,7.00 ,1.00 ,13.00 ,1.00 ,1.00 ,11.00 ,1.00 ,2.00 ,4.00 ,6.00 ,0.00 ,0.00 ,0.00 ,1.00 ,1.00 ,0.00 ,20.00 ,2.00 ,4.00 ,14.70 ,3.52 ,-2.91 ,1.00 ,,,,,,
1.00 ,10.00 ,1.00 ,7.00 ,1.00 ,1.00 ,16.00 ,1.00 ,3.00 ,10.00 ,6.00 ,0.00 ,0.00 ,0.00 ,1.00 ,0.00 ,0.00 ,20.00 ,6.00 ,5.00 ,16.03 ,0.06 ,-3.51 ,1.00 ,,,,,,
3.00 ,13.00 ,1.00 ,17.00 ,1.00 ,1.00 ,18.00 ,20.00 ,28.00 ,11.00 ,11.00 ,0.00 ,0.00 ,0.00 ,1.00 ,0.00 ,0.00 ,28.00 ,1.00 ,0.00 ,9.68 ,3.44 ,-1.18 ,0.00 ,,,,,,
1.00 ,8.00 ,1.00 ,16.00 ,1.00 ,1.00 ,2.00 ,24.00 ,1.00 ,6.00 ,6.00 ,0.00 ,0.00 ,0.00 ,1.00 ,0.00 ,0.00 ,23.00 ,5.00 ,5.00 ,7.60 ,2.62 ,-1.03 ,1.00 ,,,,,,
1.00 ,8.00 ,1.00 ,15.00 ,1.00 ,1.00 ,12.00 ,14.00 ,3.00 ,5.00 ,6.00 ,1.00 ,0.00 ,0.00 ,1.00 ,1.00 ,0.00 ,21.00 ,7.00 ,12.00 ,10.31 ,0.47 ,3.51 ,1.00 ,,,,,,
1.00 ,18.00 ,1.00 ,8.00 ,0.00 ,1.00 ,11.00 ,23.00 ,25.00 ,10.00 ,5.00 ,1.00 ,0.00 ,0.00 ,1.00 ,0.00 ,0.00 ,35.00 ,18.00 ,12.00 ,7.64 ,0.64 ,-1.65 ,0.00 ,,,,,,
1.00 ,13.00 ,1.00 ,5.00 ,1.00 ,1.00 ,15.00 ,22.00 ,27.00 ,9.00 ,10.00 ,1.00 ,0.00 ,1.00 ,0.00 ,1.00 ,0.00 ,32.00 ,0.00 ,0.00 ,11.68 ,-0.80 ,-4.06 ,0.00 ,,,,,,
3.00 ,5.00 ,1.00 ,10.00 ,1.00 ,1.00 ,14.00 ,14.00 ,15.00 ,9.00 ,10.00 ,0.00 ,0.00 ,0.00 ,1.00 ,0.00 ,0.00 ,25.00 ,5.00 ,4.00 ,9.90 ,-0.02 ,1.60 ,1.00 ,,,,,,
1.00 ,1.00 ,2.00 ,10.00 ,1.00 ,1.00 ,18.00 ,22.00 ,1.00 ,10.00 ,10.00 ,1.00 ,0.00 ,0.00 ,1.00 ,1.00 ,0.00 ,26.00 ,6.00 ,1.00 ,10.94 ,0.37 ,2.31 ,0.00 ,,,,,,
1.00 ,3.00 ,3.00 ,15.00 ,1.00 ,1.00 ,10.00 ,1.00 ,25.00 ,10.00 ,9.00 ,1.00 ,0.00 ,0.00 ,1.00 ,1.00 ,1.00 ,19.00 ,6.00 ,1.00 ,8.61 ,3.13 ,-1.28 ,1.00 ,,,,,,
1.00 ,2.00 ,1.00 ,15.00 ,1.00 ,1.00 ,16.00 ,1.00 ,4.00 ,3.00 ,5.00 ,0.00 ,0.00 ,1.00 ,0.00 ,0.00 ,1.00 ,19.00 ,0.00 ,0.00 ,12.07 ,3.70 ,-2.43 ,0.00 ,,,,,,
1.00 ,1.00 ,1.00 ,14.00 ,1.00 ,1.00 ,16.00 ,21.00 ,28.00 ,10.00 ,10.00 ,0.00 ,0.00 ,1.00 ,1.00 ,1.00 ,0.00 ,21.00 ,1.00 ,5.00 ,13.23 ,1.26 ,-0.39 ,1.00 ,,,,,,
1.00 ,1.00 ,1.00 ,3.00 ,1.00 ,1.00 ,15.00 ,2.00 ,2.00 ,10.00 ,2.00 ,1.00 ,0.00 ,0.00 ,1.00 ,0.00 ,0.00 ,20.00 ,18.00 ,10.00 ,10.74 ,1.11 ,0.52 ,1.00 ,,,,,,
